fire_name,username,tweet,human_theme,cgpt_theme,cgpt_sentiment,cgpt_category,claude_theme,claude_sentiment,claude_category
chetco-bar,Alice_Lema,Rogue River Fire Update 🔥#chetcoBarFire #fire #alicelema #changeyouraddresschangeyourlife https://t.co/bSesSffyPn,Fire Progression,Sharing updates and resources,Neutral/Informational,Fire status and operations,Tracking Fire Scale and Containment Progress,Informational/Neutral,Media and Information Sharing
chetco-bar,Didaskalos,Smoke from Chetco Bar fire over Brookings-Harbor #nofilter @ Brookings Harbor Oregon https://t.co/n1mERJsc3j,Smoke / Air Quality,Living with smoke and threat,Alarm/Distress,"Smoke, weather, and air quality",Smoke Exposure and Air Quality Monitoring,Informational/Neutral,Smoke and Air Quality
chetco-bar,Didaskalos,Ash from Chetco Bar fires. It's still falling. @ Brookings Harbor Oregon https://t.co/KRk6pWlwrO,Smoke / Air Quality,Living with smoke and threat,Neutral/Informational,"Smoke, weather, and air quality",Smoke Exposure and Air Quality Monitoring,Engaged/Observational,Smoke and Air Quality
chetco-bar,AdreanaInLB,#BrookingsOR view of sun through smoke of #ChetcoBarFire . Looks like #eclipse2017 glass won't be needed if fire is not contained. https://t.co/rjDbgMeD6u,Fire Progression,Living with smoke and threat,Alarm/Distress,Fire status and operations,Tracking Fire Scale and Containment Progress,Grateful/Supportive,Fire Behavior and Status
chetco-bar,RoseMantle,"Oregon Smoke Information: Smoke Forecast for Chetco Bar Fire -- Aug. 18, 2017 #ChetcoBarFire  https://t.co/5I9P8G9d7D",Smoke / Air Quality,Sharing updates and resources,Neutral/Informational,"Smoke, weather, and air quality",Smoke Exposure and Air Quality Monitoring,Informational/Neutral,Smoke and Air Quality
chetco-bar,RoseMantle,"#ChetcoBarFire
Chetco River Evacuation: ""24 hours or sooner""; https://t.co/xGdW13vgFV",Evacuation,Evacuation and immediate disruption,Alarm/Distress,Evacuation and public safety,Evacuation Orders and Displacement Experiences,Informational/Neutral,Evacuation and Area Closures
chetco-bar,RoseMantle,Evacuation orders in place for Chetco Bar fire in Curry County | KCBY https://t.co/LaexB7pOa3,Evacuation,Evacuation and immediate disruption,Alarm/Distress,Evacuation and public safety,Evacuation Orders and Displacement Experiences,Informational/Neutral,Evacuation and Area Closures
chetco-bar,OregonLatte,Tried to explore Brookings today but the wind shifted and the Chetco Bar fire started blowing… https://t.co/MutxRW4dfP,Fire Progression,Seeking visibility and official action,Neutral/Informational,"Smoke, weather, and air quality","Personal Safety, Proximity, and Local Threat",Informational/Neutral,Weather and Environmental Conditions
chetco-bar,RamblinnRosee,#ChetcoBarFire https://t.co/VlFHORLwXf,Fire Progression,Seeking visibility and official action,Neutral/Informational,Fire status and operations,Media Amplification and Information Gaps,Informational/Neutral,Media and Information Sharing
chetco-bar,Tresabug,any links to the chetco bar fire,Fire Progression,Sharing updates and resources,Neutral/Informational,Fire status and operations,Media Amplification and Information Gaps,Informational/Neutral,Media and Information Sharing
chetco-bar,InfoPasser,"#ChetcoBarFire Eeek, there is seemingly no where to go. Be strong...and, wear masks.❤️",Community Solidarity,Seeking visibility and official action,Anger/Blame,Community solidarity and appreciation,"Community Solidarity, Prayer, and Emotional Bonds",Grateful/Supportive,Public Safety and Health Guidance
chetco-bar,Robb_0919,https://t.co/muBnwnxvjF #ChetcoBarFire Oregon update #CurryCounty residents urged sign up emergency alerts for closures see link 22042 acres,Fire Progression,Sharing updates and resources,Neutral/Informational,Evacuation and public safety,Tracking Fire Scale and Containment Progress,Informational/Neutral,Media and Information Sharing
chetco-bar,Robb_0919,#chetcobarfire evacuation order raised to level 3 per landline notification for area up to lobe park. Thank you very much @topsecretgunner,Evacuation,Evacuation and immediate disruption,Alarm/Distress,Evacuation and public safety,Evacuation Orders and Displacement Experiences,Informational/Neutral,Evacuation and Area Closures
chetco-bar,topsecretgunner,@RRSNF #chetcobarfire Waiting for the revised evacuation orders and map to be posted online.  Reverse 911 changed evacuation orders. nothing online,Evacuation,,,,Evacuation Orders and Displacement Experiences,Informational/Neutral,Evacuation and Area Closures
chetco-bar,pimpmytattoo,The sun in brookings Oregon  #chetcobarfire @ Brookings Harbor Oregon https://t.co/mRaDPlHz92,Fire Progression,Seeking visibility and official action,Neutral/Informational,Fire status and operations,"Personal Safety, Proximity, and Local Threat",Informational/Neutral,Media and Information Sharing
chetco-bar,pimpmytattoo,#chetcobarfire #sun @ Brookings Harbor Oregon https://t.co/MrWLqLVuHN,Fire Progression,Seeking visibility and official action,Neutral/Informational,Fire status and operations,"Personal Safety, Proximity, and Local Threat",Informational/Neutral,Media and Information Sharing
chetco-bar,Robb_0919,"https://t.co/Jh3tqpg7qI  ...  New info for 
#ChetcoBarFire including the new lvl 3 evac areas and evac maps 1/2",Geospatial Mapping,Evacuation and immediate disruption,Neutral/Informational,Evacuation and public safety,"Situational Maps, Photos, and Visual Briefings",Informational/Neutral,Situational Awareness and Mapping
chetco-bar,Robb_0919,#ChetcoBarFire 2/2 Evac shelter  Brookings-Harbor High School 625 Pioneer Rd Brookings for residents affected in Curry County,Evacuation,Evacuation and immediate disruption,Neutral/Informational,Evacuation and public safety,Evacuation Orders and Displacement Experiences,Informational/Neutral,Evacuation and Area Closures
chetco-bar,topsecretgunner,@RRSNF https://t.co/jcvwwHRAQU updated #chetcobarfire evacuation map now posted online,Evacuation,,,,Tracking Fire Scale and Containment Progress,Informational/Neutral,Media and Information Sharing
chetco-bar,topsecretgunner,@Robb_0919 Does the  High School evac center take pets?  #chetcobarfire,Fire Progression,,,,Tracking Fire Scale and Containment Progress,Informational/Neutral,Fire Behavior and Status
chetco-bar,topsecretgunner,Where is the @KOBITV coverage of the #ChetcoBarFire and the evacuations in Brookings ?,Evacuation,,,,Evacuation Orders and Displacement Experiences,Informational/Neutral,Evacuation and Area Closures
chetco-bar,twinberrypj,Evacuation orders in place for Chetco Bar fire in Curry County https://t.co/btt3ZvPIrs,Evacuation,Evacuation and immediate disruption,Alarm/Distress,Evacuation and public safety,Evacuation Orders and Displacement Experiences,Informational/Neutral,Evacuation and Area Closures
chetco-bar,AdreanaInLB,These images are NOT digitally altered. The #ChetcoBarFire has ash filtered the sky in #BrookingsOR https://t.co/Zw0CPtWErj,Smoke / Air Quality,Living with smoke and threat,Anger/Blame,"Smoke, weather, and air quality",Smoke Exposure and Air Quality Monitoring,Engaged/Observational,Smoke and Air Quality
chetco-bar,B00nd0cking,Chetco Bar fire burning in Curry County Oregon causing smoke filled sky w/orange reddish sun &amp; beautiful  sunsets here in Crescent City CA https://t.co/zc3JKbzMXX,Smoke / Air Quality,Living with smoke and threat,Alarm/Distress,"Smoke, weather, and air quality",Environmental Observation and Fire Spectacle,Engaged/Observational,Fire Behavior and Status
chetco-bar,topsecretgunner,Sheriffs Officers going door to door in the Evacuation Category 2 area to inform residents. #ChetcoBarFire https://t.co/VBOvb1tY3W,Evacuation,Evacuation and immediate disruption,Alarm/Distress,Evacuation and public safety,Evacuation Orders and Displacement Experiences,Informational/Neutral,Evacuation and Area Closures
chetco-bar,RoseMantle,https://t.co/sJec4oIVR3 #ChetcoBarFire,Fire Progression,Seeking visibility and official action,Neutral/Informational,Fire status and operations,Media Amplification and Information Gaps,Informational/Neutral,Media and Information Sharing
chetco-bar,SteffanySodden,"#ChetcoBarFire, and this was taken right outside my home. https://t.co/eSrrD13iqK",Fire Progression,Evacuation and immediate disruption,Neutral/Informational,Personal experience and disruption,"Personal Safety, Proximity, and Local Threat",Concerned/Anxious,Media and Information Sharing
chetco-bar,SteffanySodden,#ChetcoBarFire you can see the smoke making its way south. https://t.co/PC8U5yBS4F,Smoke / Air Quality,Living with smoke and threat,Alarm/Distress,"Smoke, weather, and air quality",Smoke Exposure and Air Quality Monitoring,Engaged/Observational,Smoke and Air Quality
chetco-bar,topsecretgunner,Almost 9AM in Brookings Oregon and it dark like 9PM from the smoke overhead.  #ChetcoBarFire,Smoke / Air Quality,Living with smoke and threat,Alarm/Distress,"Smoke, weather, and air quality",Smoke Exposure and Air Quality Monitoring,Engaged/Observational,Smoke and Air Quality
chetco-bar,serenalarkin,"While everyone else in Oregon freaks out about the #Eclipse, I'm busy just trying to breathe. 🔥 :( #ChetcoBarFire https://t.co/fpIbNwzdVo",Fire Progression,Seeking visibility and official action,Alarm/Distress,"Smoke, weather, and air quality",Media Amplification and Information Gaps,Engaged/Observational,Media and Information Sharing
chetco-bar,topsecretgunner,@DanielStoelb @andrewjphelps How do we bring the #ChetcoBarFire boundaries into #orraptor ?,Fire Progression,,,,Tracking Fire Scale and Containment Progress,Informational/Neutral,Fire Behavior and Status
chetco-bar,AdreanaInLB,#Eclipse2017 This is how the sun is looking through the ash filtered skies of #ChetcoBarFire in #BrookingsOR https://t.co/FzLNAO8ouf,Smoke / Air Quality,Living with smoke and threat,Neutral/Informational,"Smoke, weather, and air quality",Smoke Exposure and Air Quality Monitoring,Engaged/Observational,Smoke and Air Quality
chetco-bar,SJ_Eblen,"Sharing some photos from SW Oregon this morning #ChetcoBarFire  I am 10 miles due west, on the coast  and over a ridge, from the fire. https://t.co/5QWQoEcnfH",Fire Progression,Seeking visibility and official action,Neutral/Informational,Fire status and operations,Environmental Observation and Fire Spectacle,Engaged/Observational,Situational Awareness and Mapping
chetco-bar,MerrittAlexm,Good wishes and love to all fire evacuees today. Red Cross is at the high school if you need help. #ChetcoBarFire https://t.co/uN6MO07eHg,Fire Progression,Evacuation and immediate disruption,Alarm/Distress,"Requests, donations, and aid",Media Amplification and Information Gaps,Grateful/Supportive,Media and Information Sharing
chetco-bar,hopejoyandfaith,"Quick notice: Chetco Bar Fire Horse and Livestock Evacuation Support is now a page, not a group.  Please share,... https://t.co/WjD8Ixy04v",Evacuation,Evacuation and immediate disruption,Alarm/Distress,Evacuation and public safety,Evacuation Orders and Displacement Experiences,Grateful/Supportive,Evacuation and Area Closures
chetco-bar,JenneyFreeman,Chetco Bar Fire Evacuation Area Map https://t.co/n4QzopIcYM,Evacuation,Evacuation and immediate disruption,Alarm/Distress,Evacuation and public safety,"Situational Maps, Photos, and Visual Briefings",Informational/Neutral,Situational Awareness and Mapping
chetco-bar,Dram_Ravett,https://t.co/QU6Cp2myat bummer,Fire Progression,Seeking visibility and official action,Neutral/Informational,Fire status and operations,Media Amplification and Information Gaps,Informational/Neutral,Media and Information Sharing
chetco-bar,RudySDOwens,#ForestFire near #Brookings on the #ChetcoRiver #ChetcoBarFire. I almost camped here 2 weeks ago. Massive. https://t.co/FMNiG4o1V2,Fire Progression,Seeking visibility and official action,Neutral/Informational,Fire status and operations,"Personal Safety, Proximity, and Local Threat",Informational/Neutral,Media and Information Sharing
chetco-bar,Dnt8182,To all my family &amp; friends dealing w/ the #ChetcoBarFire &amp; the entire Brookings-Harbor community... my thoughts &amp; prayers are w/ you all!,Community Solidarity,,,,"Personal Safety, Proximity, and Local Threat",Grateful/Supportive,Personal Experience and Community Impact
chetco-bar,ChristineBeekm4,RRSNF has posted #ChetcoBarFire  emergency closure area. Everyone stay safe out there. For more information: https://t.co/tmv53AMQGW https://t.co/DjHx0yVj9Q,Evacuation,"Solidarity, prayer, and gratitude",Neutral/Informational,Evacuation and public safety,Evacuation Orders and Displacement Experiences,Informational/Neutral,Evacuation and Area Closures
chetco-bar,siblings_rock,Pray for Brookings Oregon &amp; all its residents The fire is spreading and so many people are being displaced from their homes. #ChetcoBarFire https://t.co/oGz7AILfdb,Fire Progression,,,,Tracking Fire Scale and Containment Progress,Informational/Neutral,Fire Behavior and Status
chetco-bar,jd4ty,#ChetcoBarFire #RainbowRock 12:15lm https://t.co/Em7SPqAuLM,Fire Progression,Seeking visibility and official action,Hope/Reassurance,"Smoke, weather, and air quality","Personal Safety, Proximity, and Local Threat",Informational/Neutral,Weather and Environmental Conditions
chetco-bar,jd4ty,#ChetcoBarFire just north of #Brookings 12:15pm https://t.co/1UcBoi8Z3v,Fire Progression,Seeking visibility and official action,Anger/Blame,Fire status and operations,"Personal Safety, Proximity, and Local Threat",Informational/Neutral,Media and Information Sharing
chetco-bar,RoseMantle,#Melancholia....what with the #ChetcoBarFire and impending total solar eclipse https://t.co/IoFFvvQfj9,Fire Progression,Seeking visibility and official action,Neutral/Informational,Fire status and operations,Media Amplification and Information Gaps,Informational/Neutral,Media and Information Sharing
chetco-bar,AdreanaInLB,https://t.co/QBQNta8WLJ 08/20/2017 7:44am in ash laden skies over #BrookingsOR due to the #ChetcoBarFire,Smoke / Air Quality,Living with smoke and threat,Neutral/Informational,"Smoke, weather, and air quality",Smoke Exposure and Air Quality Monitoring,Informational/Neutral,Smoke and Air Quality
chetco-bar,rreed000,Chetco Bar fire https://t.co/oVj0dDZH97,Fire Progression,Seeking visibility and official action,Neutral/Informational,Fire status and operations,Media Amplification and Information Gaps,Informational/Neutral,Media and Information Sharing
chetco-bar,siblings_rock,It just keeps getting worse and worse. Its so dark outside. #ChetcoBarFire https://t.co/UqBBD3PhOk,Fire Progression,Seeking visibility and official action,Neutral/Informational,Fire status and operations,Media Amplification and Information Gaps,Informational/Neutral,Media and Information Sharing
chetco-bar,0809jefore10bem,@AutumnKTVL Looking out our South window we see the smoke from the Chetco Bar Fire. It is pretty close here in Gold Beach.,Smoke / Air Quality,,,,Smoke Exposure and Air Quality Monitoring,Informational/Neutral,Smoke and Air Quality
chetco-bar,RamblinnRosee,"The chetco bar fire is getting worse, more people in Brookings are evacuating, send as much positive intent as possible &lt;3 #ChetcoBarFire https://t.co/AS8MJ9d4Nc",Fire Progression,Evacuation and immediate disruption,Neutral/Informational,Evacuation and public safety,Evacuation Orders and Displacement Experiences,Informational/Neutral,Evacuation and Area Closures
chetco-bar,AdreanaInLB,Photos by my boyfriend of #BrookingsOr skies during #ChetcoBarFire https://t.co/iEcKnBNFOa  . His neighborhood is at stg 1 evacuation alert,Evacuation,Evacuation and immediate disruption,Alarm/Distress,Evacuation and public safety,Evacuation Orders and Displacement Experiences,Engaged/Observational,Situational Awareness and Mapping
chetco-bar,Team_Jab,#chetcobarfire #bringontherain,Fire Progression,Seeking visibility and official action,Hope/Reassurance,"Smoke, weather, and air quality","Personal Safety, Proximity, and Local Threat",Engaged/Observational,Weather and Environmental Conditions
chetco-bar,jandianmfr,Chetco Bar Fire Evacuation Area Map https://t.co/JA51uIe3n2,Evacuation,Evacuation and immediate disruption,Alarm/Distress,Evacuation and public safety,Evacuation Orders and Displacement Experiences,Informational/Neutral,Media and Information Sharing
chetco-bar,MerrittAlexm,Contact Tessa at BHHS for small animal shelter during evacuation 707 951 7327 #ChetcoBarFire,Evacuation,Evacuation and immediate disruption,Alarm/Distress,Evacuation and public safety,Evacuation Orders and Displacement Experiences,Informational/Neutral,Evacuation and Area Closures
chetco-bar,Thom_Thumb_,"Yesterday, the Chetco bar fire turned the coast purple! #nofilter #seriously #preeclipse… https://t.co/JeuZFToIcX",Smoke / Air Quality,Seeking visibility and official action,Anger/Blame,Fire status and operations,Environmental Observation and Fire Spectacle,Informational/Neutral,Media and Information Sharing
chetco-bar,publiclandlvr,Thinking of my friends impacted by #ChetcoBarFire and sending love and gratitude to first responders helping with evacuations. https://t.co/ZJoxRSCcYw,Evacuation,Evacuation and immediate disruption,Alarm/Distress,Evacuation and public safety,Evacuation Orders and Displacement Experiences,Grateful/Supportive,Evacuation and Area Closures
chetco-bar,biff_schulz,"The smoke from the 57,000 acre chetco bar fire,more evacuations are taking place,and more firefighters and equipment coming too.god bless em https://t.co/cNlExc4jZ1",Evacuation,Evacuation and immediate disruption,Alarm/Distress,Evacuation and public safety,Evacuation Orders and Displacement Experiences,Grateful/Supportive,Evacuation and Area Closures
chetco-bar,DeborahAWeber,I AM ALRIGHT. FIRES SOUTH &amp; EAST OF US IN GOLD BEACH Chetco Bar Fire causes level 3 evacuation notices https://t.co/cCAkedR1Zx,Evacuation,,,,Evacuation Orders and Displacement Experiences,Informational/Neutral,Evacuation and Area Closures
chetco-bar,topsecretgunner,#ChetcoBarFire has a new evacuation map https://t.co/ZPbPikDnpX,Evacuation,Evacuation and immediate disruption,Alarm/Distress,Evacuation and public safety,Evacuation Orders and Displacement Experiences,Informational/Neutral,Media and Information Sharing
chetco-bar,BeamMeUpScotee,More Evacuation Orders In Chetco Bar Fire https://t.co/Qo5Vo9vR7K,Evacuation,Evacuation and immediate disruption,Alarm/Distress,Evacuation and public safety,Evacuation Orders and Displacement Experiences,Informational/Neutral,Evacuation and Area Closures
chetco-bar,CseeThru,"Chetco Bar Fire
Brush up to 5 feet tall, standing snags, and unburned islands of mixed deciduous and conifer forest https://t.co/4KIYo9PjpF",Fire Progression,Seeking visibility and official action,Neutral/Informational,Fire status and operations,Media Amplification and Information Gaps,Informational/Neutral,Media and Information Sharing
chetco-bar,jimlayhe,#ChetcoBarFire Aug 20 port of Brookings https://t.co/iqOolvbJw5,Fire Progression,Seeking visibility and official action,Neutral/Informational,Fire status and operations,"Personal Safety, Proximity, and Local Threat",Informational/Neutral,Media and Information Sharing
chetco-bar,raindogtweets,"Brookings is close to surrounded... thankful for fire crews &amp; first responders, praying for rain. #ChetcoBarFire https://t.co/Qe83jPl9o6",Operational Coordination,"Solidarity, prayer, and gratitude",Gratitude/Appreciation,Community solidarity and appreciation,Firefighting Operations and Crew Deployment,Concerned/Anxious,Operational Response and Resources
chetco-bar,siblings_rock,I had to evacuate my house tonight Praying that everyone stays safe &amp; that God will be with the firefighters and responders. #ChetcoBarFire,Evacuation,"Solidarity, prayer, and gratitude",Alarm/Distress,Evacuation and public safety,Evacuation Orders and Displacement Experiences,Concerned/Anxious,Evacuation and Area Closures
chetco-bar,RoseMantle,Latest #ChetcoBarFire Evacuation Zone #BrookingsHarbor Oregon https://t.co/VLoUJ6PGmS,Evacuation,Evacuation and immediate disruption,Alarm/Distress,Evacuation and public safety,Evacuation Orders and Displacement Experiences,Informational/Neutral,Evacuation and Area Closures
chetco-bar,Sammerjammerss,My parents are spending their 28th anniversary packing up their home. #ilovethem #chetcobarfire 💕 https://t.co/UsnudMpbOg,Fire Progression,Evacuation and immediate disruption,Neutral/Informational,Fire status and operations,Media Amplification and Information Gaps,Grateful/Supportive,Media and Information Sharing
chetco-bar,topsecretgunner,"@KTVL Your evacuation area map is seriously out of date, the evacuation area for #ChetcoBarFire  is significantly larger. https://t.co/XhoEePLkuM",Evacuation,,,,Evacuation Orders and Displacement Experiences,Informational/Neutral,Media and Information Sharing
chetco-bar,ChristinaMGeyer,With Oregon a top spot to watch the #SolarEclipse2017  it shocks me that @cnnbrk and other news sites aren't covering massive #chetcobarfire,Public Accountability,Seeking visibility and official action,Neutral/Informational,Media and political accountability,Media Amplification and Information Gaps,Informational/Neutral,Media and Information Sharing
chetco-bar,Team_Jab,Chetco Bar wildfire prompts Brookings evacuations https://t.co/r2Awl5a2f0,Evacuation,Evacuation and immediate disruption,Alarm/Distress,Evacuation and public safety,Evacuation Orders and Displacement Experiences,Informational/Neutral,Evacuation and Area Closures
chetco-bar,P00dy,@inciweb #ChetcoBarFire https://t.co/7fjvkA6skk,Geospatial Mapping,,,,Media Amplification and Information Gaps,Informational/Neutral,Media and Information Sharing
chetco-bar,RicardoAlegria,The latest Un Día a la Vez! https://t.co/PGnziYh3Qb Thanks to @leoiturra @DeIquiqueCL #chetcobarfire #bcfires,Community Solidarity,,,,"Community Solidarity, Prayer, and Emotional Bonds",Grateful/Supportive,Media and Information Sharing
chetco-bar,publiclandlvr,https://t.co/j84QbBnqkh,Fire Progression,,,,Media Amplification and Information Gaps,Informational/Neutral,Media and Information Sharing
chetco-bar,lupusincolor_kw,🙏🏻 for family and friends affected by the #ChetcoBarFire in #Brookings #Oregon. Extra 🙏🏻s for all those on the fighting lines. 💕,Community Solidarity,Seeking visibility and official action,Neutral/Informational,Personal experience and disruption,"Personal Safety, Proximity, and Local Threat",Grateful/Supportive,Personal Experience and Community Impact
chetco-bar,topsecretgunner,#ChetcoBarFire  Best tool I've found for visualizing fire boundaries (free) #BrookingsFire : https://t.co/pU9KSMWedP,Fire Progression,Seeking visibility and official action,Gratitude/Appreciation,Fire status and operations,"Situational Maps, Photos, and Visual Briefings",Informational/Neutral,Situational Awareness and Mapping
chetco-bar,m_parrington,Smoke plumes along W coast of N America in latest aerosol forecasts @CopernicusECMWF https://t.co/NsXj7qeH6j #bcwildfires #ChetcoBarFire https://t.co/UxVKFQOZN9,Smoke / Air Quality,Living with smoke and threat,Alarm/Distress,"Smoke, weather, and air quality",Smoke Exposure and Air Quality Monitoring,Informational/Neutral,Smoke and Air Quality
chetco-bar,FrostyPixie,@KGWSunrise why is nobody covering the Chetco bar fire that is about to swallow up a whole town in southern Oregon?,Fire Progression,,,,"Personal Safety, Proximity, and Local Threat",Informational/Neutral,Personal Experience and Community Impact
chetco-bar,FrostyPixie,@KGWNews why is nobody covering the Chetco bar fire? A whole town is about to be swallowed up and burnt down in southern OR.,Public Accountability,,,,Media Amplification and Information Gaps,Distressed/Urgent,Media and Information Sharing
chetco-bar,FrostyPixie,"@KGWSunrise the eclipse is nice and all, but thousands of people are in real danger.  Their livelihoods are in real danger. #ChetcoBarFire",Fire Progression,,,,Tracking Fire Scale and Containment Progress,Frustrated/Critical,Fire Behavior and Status
chetco-bar,SJ_Eblen,This fire out here is threatening homes and ranches.  A 7 mi. swath from the river to the ocean now level 3 GO evac. #ChetcoBarFire,Evacuation,Evacuation and immediate disruption,Alarm/Distress,Evacuation and public safety,Evacuation Orders and Displacement Experiences,Informational/Neutral,Evacuation and Area Closures
chetco-bar,SJ_Eblen,"We are getting resources.  Nat. Guard, in &amp; out of state Hot Shots, Red Cross ... Scary stuff, but folk are holding up well. #ChetcoBarFire",Operational Coordination,,,,Firefighting Operations and Crew Deployment,Informational/Neutral,Operational Response and Resources
chetco-bar,SJ_Eblen,I don't think we will see the eclipse today.  #ChetcoBarFire #Eclipse #BrookingsOR,Fire Progression,Seeking visibility and official action,Neutral/Informational,Fire status and operations,"Personal Safety, Proximity, and Local Threat",Informational/Neutral,Personal Experience and Community Impact
chetco-bar,SJ_Eblen,"@realDonaldTrump You might not have noticed, but this rural county in Oregon that voted for you is burning up.  #ChetcoBarFire",Public Accountability,,,,Tracking Fire Scale and Containment Progress,Frustrated/Critical,Fire Behavior and Status
chetco-bar,topsecretgunner,"It appears that the #ChetcoBarFire primarily moved West overnight, remaining North of the town of Brookings https://t.co/gbYSfHerMA",Fire Progression,Evacuation and immediate disruption,Anger/Blame,Fire status and operations,"Personal Safety, Proximity, and Local Threat",Informational/Neutral,Media and Information Sharing
chetco-bar,topsecretgunner,"#ChetcoBarFire Morning update, now 91,551 Acres",Fire Progression,Sharing updates and resources,Neutral/Informational,Fire status and operations,Tracking Fire Scale and Containment Progress,Informational/Neutral,Fire Behavior and Status
chetco-bar,lupusincolor_kw,Sending many prayers for the safety of the evacuees and those fighting. 🙏🏻 #ChetcoBarFire #Brookings #brookingsoregon https://t.co/vX0u0zKB6v,Community Solidarity,"Solidarity, prayer, and gratitude",Alarm/Distress,Community solidarity and appreciation,"Community Solidarity, Prayer, and Emotional Bonds",Grateful/Supportive,Media and Information Sharing
chetco-bar,topsecretgunner,new heat map released as of 4am for the #ChetcoBarFire https://t.co/Juokhs1wPy,Geospatial Mapping,Sharing updates and resources,Neutral/Informational,Fire status and operations,"Situational Maps, Photos, and Visual Briefings",Informational/Neutral,Media and Information Sharing
chetco-bar,lupusincolor_kw,@realDonaldTrump #ChetcoBarFire #brookingsoregon https://t.co/fG0tFIT4Co,Public Accountability,,,,"Personal Safety, Proximity, and Local Threat",Informational/Neutral,Media and Information Sharing
chetco-bar,lupusincolor_kw,#ChetcoBarFire #brookingsoregon https://t.co/bpucxJLPSn,Fire Progression,Seeking visibility and official action,Neutral/Informational,Fire status and operations,"Personal Safety, Proximity, and Local Threat",Informational/Neutral,Media and Information Sharing
chetco-bar,topsecretgunner,#ChetcoBarFire Sunday I met 2 amazing Curry County employees who were checking hydrants to ensure they were functional in the evac zone.,Fire Progression,Evacuation and immediate disruption,Neutral/Informational,Evacuation and public safety,Tracking Fire Scale and Containment Progress,Informational/Neutral,Fire Behavior and Status
chetco-bar,AdreanaInLB,#BrookingsOR has 400 imported fire fighters along with National Guard. #ChetCoBarFire https://t.co/ljHtVTYTjA,Fire Progression,Seeking visibility and official action,Neutral/Informational,Fire status and operations,"Personal Safety, Proximity, and Local Threat",Informational/Neutral,Media and Information Sharing
chetco-bar,e_j_schwarz,"@JonahNRO Actually, it's the giant ball of fire heading toward my house I'm worried about. #ChetcoBarFire",Fire Progression,,,,"Personal Safety, Proximity, and Local Threat",Concerned/Anxious,Personal Experience and Community Impact
chetco-bar,mikeyrepsgym,"No #SolarEclispe2017 here, Just smoke and ash. Might as well train! 💪🏻 🔥 🌲 🌊 😢 #LegDay #BodyBuilding #ChetcoBarFire",Smoke / Air Quality,Living with smoke and threat,Alarm/Distress,"Smoke, weather, and air quality",Smoke Exposure and Air Quality Monitoring,Engaged/Observational,Smoke and Air Quality
chetco-bar,FrostyPixie,@Oregonian Brookings is completely surrounded by fire. The whole town might burn to the ground.  Do you care? #ChetcoBarFire,Fire Progression,,,,"Personal Safety, Proximity, and Local Threat",Distressed/Urgent,Personal Experience and Community Impact
chetco-bar,KthrnLeathers,"Attention, Tribal Citizens! If you have lost your home (own or rent) to the Chetco Bar fire, please contact CFS at (707) 487-9255.",Fire Progression,Seeking visibility and official action,Alarm/Distress,"Requests, donations, and aid",Tracking Fire Scale and Containment Progress,Concerned/Anxious,Fire Behavior and Status
chetco-bar,1kanakaAmakee,"Chetco Bar fire in Oregon threatening town of Brookings; 90,000 ac burned and still going.  Need your prayers NOW.  God bless.🙏🌧️",Community Solidarity,"Solidarity, prayer, and gratitude",Alarm/Distress,Community solidarity and appreciation,"Community Solidarity, Prayer, and Emotional Bonds",Grateful/Supportive,Personal Experience and Community Impact
chetco-bar,RoseMantle,"#ChetcoBarFire 
Fire team labors to protect homes, clear roads; https://t.co/Aluwq0896J",Fire Progression,Evacuation and immediate disruption,Neutral/Informational,Fire status and operations,"Personal Safety, Proximity, and Local Threat",Informational/Neutral,Public Safety and Health Guidance
chetco-bar,hopejoyandfaith,"Everyone who is currently taking care of livestock and horses who were evacuated from the Chetco Bar Fire, or if... https://t.co/IltOwA4wc7",Evacuation,Evacuation and immediate disruption,Alarm/Distress,Evacuation and public safety,Evacuation Orders and Displacement Experiences,Distressed/Urgent,Evacuation and Area Closures
chetco-bar,topsecretgunner,"@RedCrossCasc please live stream this, since not all evacuees are in your shelter.  Some are in other cities and still want fire info. #ChetcoBarFire",Evacuation,,,,Evacuation Orders and Displacement Experiences,Concerned/Anxious,Evacuation and Area Closures
chetco-bar,DlorenDarnell,Big fire in southern Oregon threatening a good sized town. https://t.co/sljiDIIhPq,Fire Progression,Living with smoke and threat,Alarm/Distress,Fire status and operations,Tracking Fire Scale and Containment Progress,Informational/Neutral,Media and Information Sharing
chetco-bar,hopejoyandfaith,"If you want to make donations to the Chetco Bar Fire Horse &amp; Livestock Support, here is the link. The Humboldt... https://t.co/78ol6CQVCo",Community Solidarity,,,,"Community Solidarity, Prayer, and Emotional Bonds",Informational/Neutral,Media and Information Sharing
chetco-bar,topsecretgunner,@currypilot #ChetcoBarFire your texting noise is louder than the meeting speakers on the live stream.,Fire Progression,,,,Tracking Fire Scale and Containment Progress,Informational/Neutral,Fire Behavior and Status
chetco-bar,jandianmfr,Chet o Fire https://t.co/N7O1LFBs9X,Fire Progression,Seeking visibility and official action,Neutral/Informational,Fire status and operations,Media Amplification and Information Gaps,Informational/Neutral,Media and Information Sharing
chetco-bar,SJ_Eblen,#ChetcoBarFire  Now no. 1 nat'l wildfire priority!,Fire Progression,Seeking visibility and official action,Anger/Blame,Fire status and operations,Tracking Fire Scale and Containment Progress,Engaged/Observational,Fire Behavior and Status
chetco-bar,hopejoyandfaith,Marie Moses here is the link that needs to be advertised. We can't use Go-fund-me at this time. https://t.co/oqhWX8OlkD,Fire Progression,Sharing updates and resources,Neutral/Informational,"Requests, donations, and aid",Media Amplification and Information Gaps,Informational/Neutral,Media and Information Sharing
chetco-bar,kdawgswift,@coachfisher_rp @CoachFore @slade248 @IMFB_Blog holy smokes - no pun intended that is our K-8 cafeteria at Riley Creek #ChetcoBarFire https://t.co/PLzLpDoEaa,Smoke / Air Quality,,,,Smoke Exposure and Air Quality Monitoring,Informational/Neutral,Smoke and Air Quality
chetco-bar,Alexarae14,❤️🙏🏼 #ChetcoBarFire #brookingsprayers https://t.co/KQQSL5yT4T,Community Solidarity,"Solidarity, prayer, and gratitude",Alarm/Distress,Community solidarity and appreciation,"Community Solidarity, Prayer, and Emotional Bonds",Grateful/Supportive,Media and Information Sharing
chetco-bar,lupusincolor_kw,#ChetcoBarFire #TopPriority https://t.co/TeHDAMCfIU,Fire Progression,Seeking visibility and official action,Neutral/Informational,Fire status and operations,Media Amplification and Information Gaps,Informational/Neutral,Media and Information Sharing
chetco-bar,SteffanySodden,"@realDonaldTrump We need your help sir. The #ChetcoBarFire is now over 98,000 acres. Please send us some help.",Fire Progression,,,,Tracking Fire Scale and Containment Progress,Informational/Neutral,Fire Behavior and Status
chetco-bar,lexibelanio,My heart wasn't hurting until I saw this. #ChetcoBarFire https://t.co/7Qr06nN46T,Fire Progression,Seeking visibility and official action,Neutral/Informational,Fire status and operations,Media Amplification and Information Gaps,Informational/Neutral,Media and Information Sharing
chetco-bar,tedgleichman,🔥#Oregon now top US priority #Wildfire 100K acres #ForestFire 3K people at risk #ClimateCrisis #Climate #ForestFires https://t.co/hXuXUzun76,Fire Progression,Seeking visibility and official action,Neutral/Informational,Fire status and operations,Tracking Fire Scale and Containment Progress,Informational/Neutral,Fire Behavior and Status
chetco-bar,RoseMantle,https://t.co/z4HBau0yBW,Fire Progression,,,,Media Amplification and Information Gaps,Informational/Neutral,Media and Information Sharing
chetco-bar,alyshia_pacino,@realDonaldTrump     Brookings Oregon needs your help!!! The Chetco Bar Fire is at 98k acres with 0% containment! Our town is at risk! HELP!,Fire Progression,,,,Tracking Fire Scale and Containment Progress,Informational/Neutral,Fire Behavior and Status
chetco-bar,alyshia_pacino,@realDonaldTrump  3000 have been evacuated! The fire is surrounding our little town. We need more resources!! Chetco Bar Fire Brookings OR,Fire Progression,,,,"Personal Safety, Proximity, and Local Threat",Distressed/Urgent,Personal Experience and Community Impact
chetco-bar,DeborahDupre,"To My Oregon Friends, I'm extremely sorry to see you're being poisoned by #ChetcoBarFire , already 100,000acres. I pray you &amp; homes R safe. https://t.co/4UUENN8Dzz",Fire Progression,"Solidarity, prayer, and gratitude",Neutral/Informational,Fire status and operations,Tracking Fire Scale and Containment Progress,Informational/Neutral,Fire Behavior and Status
chetco-bar,alyshia_pacino,@realDonaldTrump                                       #ChetcoBarFire  https://t.co/GxiGgzyhY5,Public Accountability,,,,Media Amplification and Information Gaps,Frustrated/Critical,Media and Information Sharing
chetco-bar,alyshia_pacino,@VP     #ChetcoBarFire                https://t.co/GxiGgzyhY5,Fire Progression,,,,Media Amplification and Information Gaps,Informational/Neutral,Media and Information Sharing
chetco-bar,trekspresso,Join us in praying for the community of Brookings: https://t.co/DVRBym9SOG,Community Solidarity,"Solidarity, prayer, and gratitude",Alarm/Distress,Community solidarity and appreciation,"Personal Safety, Proximity, and Local Threat",Informational/Neutral,Media and Information Sharing
chetco-bar,BeckybaconBecky,"Brookings, Oregon, Wildfire Now The 'Top Priority' Fire In The Country https://t.co/oFvM0p5EJ8",Fire Progression,Seeking visibility and official action,Anger/Blame,Fire status and operations,"Personal Safety, Proximity, and Local Threat",Informational/Neutral,Media and Information Sharing
chetco-bar,alyshia_pacino,@realDonaldTrump #ChetcoBarFire needs more resources!,Operational Coordination,,,,Firefighting Operations and Crew Deployment,Frustrated/Critical,Operational Response and Resources
chetco-bar,HorseKrazyChick,https://t.co/KtFOffMSlw https://t.co/EiAOhXKEV3,Fire Progression,,,,Media Amplification and Information Gaps,Informational/Neutral,Media and Information Sharing
chetco-bar,kevinredefined,"Chetco Bar Fire In Brookings Now The Top Priority Fire In The Country https://t.co/cGOvuj2S64
Never forget #HotShots #AirTankers #WildFire",Operational Coordination,Seeking visibility and official action,Anger/Blame,Fire status and operations,Firefighting Operations and Crew Deployment,Informational/Neutral,Operational Response and Resources
chetco-bar,DrkMtt3r,"Delayed response to #ChetcoBarFire now jeopardizing town as fire grows to 100,000 acres, 3 homes lost, fire 2mi away
https://t.co/NYkXVxtyCi",Fire Progression,Evacuation and immediate disruption,Neutral/Informational,Fire status and operations,Tracking Fire Scale and Containment Progress,Informational/Neutral,Fire Behavior and Status
chetco-bar,DeviSafir,@inciweb #ChetcoBarFire https://t.co/eGRNEHWDTC,Geospatial Mapping,,,,Media Amplification and Information Gaps,Informational/Neutral,Media and Information Sharing
chetco-bar,NW_Glamour,"Damn! Still going.  Brookings area is an awesome place to vacation, so weird to see it burning like this. https://t.co/Qif1iXm1of",Fire Progression,Living with smoke and threat,Neutral/Informational,Fire status and operations,Tracking Fire Scale and Containment Progress,Grateful/Supportive,Fire Behavior and Status
chetco-bar,publiclandlvr,https://t.co/uJ1pnTzB8T @RRSNF @currypilot via @OPB,Fire Progression,,,,Media Amplification and Information Gaps,Informational/Neutral,Media and Information Sharing
chetco-bar,HorseKrazyChick,This sucks! https://t.co/ekw34Pe8eh,Fire Progression,Seeking visibility and official action,Neutral/Informational,Fire status and operations,Media Amplification and Information Gaps,Informational/Neutral,Media and Information Sharing
chetco-bar,hopejoyandfaith,Please be aware when you are donating funds for the Chetco Bar Fire that you are using a reputable site. Contact... https://t.co/hR1YaN3y3G,Fire Progression,Seeking visibility and official action,Alarm/Distress,"Requests, donations, and aid",Media Amplification and Information Gaps,Concerned/Anxious,Media and Information Sharing
chetco-bar,shan02,"I spent a lot of my summers in Brookings, Oregon. Amazing place prayers for the community and the firefighters #ChetcoBarFire",Operational Coordination,"Solidarity, prayer, and gratitude",Alarm/Distress,Community solidarity and appreciation,Firefighting Operations and Crew Deployment,Grateful/Supportive,Operational Response and Resources
chetco-bar,prit890,"Chetco Bar Fire in Oregon quadruples in four days, approaches 100,000 acres https://t.co/0UgNQOSsUK",Fire Progression,Seeking visibility and official action,Neutral/Informational,Fire status and operations,Tracking Fire Scale and Containment Progress,Informational/Neutral,Fire Behavior and Status
chetco-bar,faustroll,"Chetco Bar Fire is now the “top priority fire” in the country.  
https://t.co/V4LKh0qD7X",Fire Progression,Seeking visibility and official action,Anger/Blame,Fire status and operations,Media Amplification and Information Gaps,Informational/Neutral,Media and Information Sharing
chetco-bar,JORDANGOWER1,"Brookings, Oregon, Wildfire Now The 'Top Priority' Fire In The Country https://t.co/8P8e5L0uTI",Fire Progression,Seeking visibility and official action,Anger/Blame,Fire status and operations,"Personal Safety, Proximity, and Local Threat",Informational/Neutral,Media and Information Sharing
chetco-bar,kaystray19,it rains in brookings basically 300 days out of the year and if today could be one of them that would be great #ChetcoBarFire,Fire Progression,Seeking visibility and official action,Hope/Reassurance,"Smoke, weather, and air quality","Personal Safety, Proximity, and Local Threat",Informational/Neutral,Weather and Environmental Conditions
chetco-bar,TheCoolishMom,"#ChetcoBarFire is now burning close to 100,000 acres 😢 https://t.co/fXxZUuKDDI",Fire Progression,Living with smoke and threat,Neutral/Informational,Fire status and operations,Tracking Fire Scale and Containment Progress,Informational/Neutral,Fire Behavior and Status
chetco-bar,KSWildFacts,"Maybe this account should be tweeting about the Chetco Bar wildfire. 95,000 acres + https://t.co/gGPlbvdabj",Fire Progression,Seeking visibility and official action,Neutral/Informational,Fire status and operations,Tracking Fire Scale and Containment Progress,Informational/Neutral,Fire Behavior and Status
chetco-bar,KSWildFacts,"Are you standing with the Chetco Bar fire, too? You helped make it. https://t.co/MdeS78Epdk",Fire Progression,Seeking visibility and official action,Alarm/Distress,"Requests, donations, and aid",Media Amplification and Information Gaps,Informational/Neutral,Media and Information Sharing
chetco-bar,KSWildFacts,"@SierraClub Are you standing with the Chetco Bar fire, too? You helped make it.",Fire Progression,,,,Tracking Fire Scale and Containment Progress,Informational/Neutral,Fire Behavior and Status
chetco-bar,KSWildFacts,"@enviroregon Maybe this account should be tweeting about the Chetco Bar wildfire. 95,000 acres + That's what your ""protection"" does.",Fire Progression,,,,Tracking Fire Scale and Containment Progress,Informational/Neutral,Fire Behavior and Status
chetco-bar,aitetta,"Brookings, Oregon, Wildfire Now The 'Top Priority' Fire In The Country https://t.co/pbpEqcdavU",Fire Progression,Seeking visibility and official action,Anger/Blame,Fire status and operations,"Personal Safety, Proximity, and Local Threat",Informational/Neutral,Media and Information Sharing
chetco-bar,webchickbot,The Heartbreaking #ChetcoBarFire Is Now The Top Priority Fire In The Country https://t.co/taEfOTV1Uf,Fire Progression,Seeking visibility and official action,Anger/Blame,Fire status and operations,Media Amplification and Information Gaps,Informational/Neutral,Media and Information Sharing
chetco-bar,richardgpoor,#ChetcoBarFire #brookingsoregon https://t.co/5g7rlCOtv8,Fire Progression,Seeking visibility and official action,Neutral/Informational,Fire status and operations,"Personal Safety, Proximity, and Local Threat",Informational/Neutral,Media and Information Sharing
chetco-bar,OR7Wolife,"Brookings, Oregon, Wildfire Now The 'Top Priority' Fire In The Country https://t.co/L6TkuYIJvf",Fire Progression,Seeking visibility and official action,Anger/Blame,Fire status and operations,"Personal Safety, Proximity, and Local Threat",Informational/Neutral,Media and Information Sharing
chetco-bar,shadesofhippy,"Kalmiopsis Wilderness, Vulcan Lake, &amp; fire #kalmiopsis #fireseason #shadesofhippy #hiking #lakes #goplayoutside #oregon #pnw #chetcobar https://t.co/76Pex8OYBJ",Fire Progression,,,,Media Amplification and Information Gaps,Informational/Neutral,Media and Information Sharing
chetco-bar,JustMeKimberly,Wowsers https://t.co/FYM8G0Xj91,Fire Progression,Seeking visibility and official action,Neutral/Informational,Fire status and operations,Media Amplification and Information Gaps,Informational/Neutral,Media and Information Sharing
chetco-bar,KSWildFacts,How many forest animals will burn in the Chetco Bar fire? Poor Bambie. We may sue on their behalf.,Fire Progression,Seeking visibility and official action,Alarm/Distress,Fire status and operations,Tracking Fire Scale and Containment Progress,Informational/Neutral,Fire Behavior and Status
chetco-bar,hf2101,"Wow, we are going to be just down the coast from this in two weeks.  Hope for containment with no loss of... https://t.co/9Rkn3X5o1Y",Fire Progression,Seeking visibility and official action,Anger/Blame,Fire status and operations,Tracking Fire Scale and Containment Progress,Grateful/Supportive,Fire Behavior and Status
chetco-bar,HorseKrazyChick,It's getting worse!🔥😳🔥 https://t.co/BB2uOrwXnQ,Fire Progression,Seeking visibility and official action,Neutral/Informational,Fire status and operations,Media Amplification and Information Gaps,Informational/Neutral,Media and Information Sharing
chetco-bar,HorseKrazyChick,More new info https://t.co/AH1eA8KRVX,Fire Progression,Seeking visibility and official action,Neutral/Informational,Fire status and operations,Media Amplification and Information Gaps,Informational/Neutral,Media and Information Sharing
chetco-bar,Jessicaarayad,"Brookings, Oregon, Wildfire Now The 'Top Priority' Fire In The Country https://t.co/VuYYJyRxMA",Fire Progression,Seeking visibility and official action,Anger/Blame,Fire status and operations,"Personal Safety, Proximity, and Local Threat",Informational/Neutral,Media and Information Sharing
chetco-bar,NIKKI080501,#ChetcoBarFire,Fire Progression,Seeking visibility and official action,Neutral/Informational,Fire status and operations,Tracking Fire Scale and Containment Progress,Engaged/Observational,Fire Behavior and Status
chetco-bar,SIR_LALA,"Brookings, Oregon, Wildfire Now The 'Top Priority' Fire In The Country https://t.co/8w4liPHVPz",Fire Progression,Seeking visibility and official action,Anger/Blame,Fire status and operations,"Personal Safety, Proximity, and Local Threat",Informational/Neutral,Media and Information Sharing
chetco-bar,pimpmytattoo,"#chetcobarfire Hwy 101 sunday 8 20 2017 southbound curry county @ Brookings, Oregon https://t.co/iIbcdQEokk",Fire Progression,Seeking visibility and official action,Neutral/Informational,Fire status and operations,"Personal Safety, Proximity, and Local Threat",Informational/Neutral,Media and Information Sharing
chetco-bar,Heathenheidi,Updated: Chetco Bar fire now nation's 'top priority'.     It is time to consider intelligent forest management. https://t.co/QKIDooZpYW,Fire Progression,Sharing updates and resources,Anger/Blame,Fire status and operations,Tracking Fire Scale and Containment Progress,Informational/Neutral,Media and Information Sharing
chetco-bar,RudySDOwens,#ChetcoBarFire now nation's top priority #ForestFire. https://t.co/8GCnICvUc8,Fire Progression,Seeking visibility and official action,Anger/Blame,Fire status and operations,Media Amplification and Information Gaps,Informational/Neutral,Media and Information Sharing
chetco-bar,mellivora1,Southern Oregon's Chetco Bar fire now nation's 'top priority wildfire' https://t.co/kECaaZGsTa #envs308murphy,Fire Progression,Seeking visibility and official action,Anger/Blame,Fire status and operations,Media Amplification and Information Gaps,Informational/Neutral,Media and Information Sharing
chetco-bar,geofitz_tw,#ChetcoBarFire - Triple D jr building fire trail https://t.co/wY7J7Dkkb5,Fire Progression,Seeking visibility and official action,Neutral/Informational,Fire status and operations,Media Amplification and Information Gaps,Informational/Neutral,Media and Information Sharing
chetco-bar,topsecretgunner,@geofitz_tw Where is the firebreak?  I'm looking for an online map! #ChetcoBarFire,Geospatial Mapping,,,,"Situational Maps, Photos, and Visual Briefings",Informational/Neutral,Situational Awareness and Mapping
chetco-bar,playboycover,Southern Oregon's Chetco Bar fire now nation's 'top priority wildfire' https://t.co/XcgryqX13T,Fire Progression,Seeking visibility and official action,Anger/Blame,Fire status and operations,Media Amplification and Information Gaps,Informational/Neutral,Media and Information Sharing
chetco-bar,JenneyFreeman,@OregonGovBrown Do you? Then why did you not use science and data to fight the #ChetcoBarFire? 4x size in a week.100k acres! Where were you? #saveBrookings https://t.co/JYzsY6wqjS,Fire Progression,,,,Tracking Fire Scale and Containment Progress,Informational/Neutral,Fire Behavior and Status
chetco-bar,oneblackbird,"Brookings, Oregon, Wildfire Now The 'Top Priority' Fire In The Country https://t.co/x1yeNBomRT",Fire Progression,Seeking visibility and official action,Anger/Blame,Fire status and operations,"Personal Safety, Proximity, and Local Threat",Informational/Neutral,Media and Information Sharing
chetco-bar,RoseMantle,"1,000 Firefighters Now Working On Chetco Bar Fire Near Brookings https://t.co/BimSU7HKKF",Operational Coordination,"Solidarity, prayer, and gratitude",Anger/Blame,Fire status and operations,Firefighting Operations and Crew Deployment,Informational/Neutral,Operational Response and Resources
chetco-bar,TheCoolishMom,@PRyan wanna take a trip to the coast while you're in OR? Our tiny town is in grave danger from the #ChetcoBarFire . Help! https://t.co/24BEbJwdgE,Fire Progression,,,,Media Amplification and Information Gaps,Frustrated/Critical,Media and Information Sharing
chetco-bar,SJ_Eblen,Back home after being evacuated for a couple days.  Cooler weather and fog has settled in.   #ChetcoBarFire https://t.co/KbcSzpHMdI,Evacuation,Evacuation and immediate disruption,Alarm/Distress,"Smoke, weather, and air quality",Evacuation Orders and Displacement Experiences,Distressed/Urgent,Personal Experience and Community Impact
chetco-bar,BessYoungPhoto,Chetco Bar Fire Brookings Oregon | Landscape Photography: https://t.co/EI7MpLeoLk via @YouTube,Fire Progression,Seeking visibility and official action,Neutral/Informational,Fire status and operations,Environmental Observation and Fire Spectacle,Informational/Neutral,Media and Information Sharing
chetco-bar,BessYoungPhoto,I added a video to a @YouTube playlist https://t.co/EI7MpLeoLk Chetco Bar Fire Brookings Oregon | Landscape Photography,Geospatial Mapping,,,,"Situational Maps, Photos, and Visual Briefings",Engaged/Observational,Situational Awareness and Mapping
chetco-bar,RoseMantle,@SOLVEinOregon @oregon_lottery #Brookings will need lots of help after the #ChetcoBarFire. I'll be there.,Fire Progression,,,,"Personal Safety, Proximity, and Local Threat",Informational/Neutral,Personal Experience and Community Impact
chetco-bar,XGOPGrrl,"@KateBrownForOR @SenatorRonWyden both of you are sad excuses for ""leaders"". #ChetcoBarFire rages out and you fiddle 1/1",Fire Progression,,,,Institutional Accountability and Crisis Governance,Informational/Neutral,Institutional and Political Commentary
chetco-bar,XGOPGrrl,@KateBrownForOR @SenatorRonWyden the residents of #Brookings will pay the price for your inaction on the #ChetcoBarFire,Fire Progression,,,,"Personal Safety, Proximity, and Local Threat",Informational/Neutral,Personal Experience and Community Impact
chetco-bar,CaseyDanson,"Chetco Bar Fire in Oregon quadruples in four days, approaches 100,000 acres https://t.co/tpbAeOwQbG",Fire Progression,Seeking visibility and official action,Neutral/Informational,Fire status and operations,Tracking Fire Scale and Containment Progress,Informational/Neutral,Fire Behavior and Status
chetco-bar,yinakirkpatrick,"Chetco Bar Fire Grows to Nearly 100,000 Acres https://t.co/3bbwz72R11",Fire Progression,Seeking visibility and official action,Neutral/Informational,Fire status and operations,Tracking Fire Scale and Containment Progress,Informational/Neutral,Fire Behavior and Status
chetco-bar,RicardoGuevarr3,Chetco Bar Fire Burning Near Brookings Approaches 'Megafire' Status https://t.co/KObFr2wQbY,Fire Progression,Living with smoke and threat,Neutral/Informational,Fire status and operations,Tracking Fire Scale and Containment Progress,Informational/Neutral,Fire Behavior and Status
chetco-bar,Earth_Extreme,"I liked a @YouTube video https://t.co/RZlTWvm5yc Chetco Bar Fire - Brookings, Oregon - Smoke and words from an official source",Smoke / Air Quality,,,,Smoke Exposure and Air Quality Monitoring,Engaged/Observational,Smoke and Air Quality
chetco-bar,Thom_Thumb_,"This is how we feel about the Chetco Bar Fire being 98,000 acres big and 0% contained.
#ominous… https://t.co/Xr8KxrahgC",Fire Progression,Seeking visibility and official action,Neutral/Informational,Fire status and operations,Tracking Fire Scale and Containment Progress,Informational/Neutral,Fire Behavior and Status
chetco-bar,1kanakaAmakee,Chetco Bar Fire Evacuee Relief Fund https://t.co/9Q4DUISUjk,Fire Progression,Evacuation and immediate disruption,Hope/Reassurance,"Requests, donations, and aid","Community Solidarity, Prayer, and Emotional Bonds",Informational/Neutral,Media and Information Sharing
chetco-bar,paulcolvin,"This https://t.co/Jb8X9pAvm1 is a good source of information about the Chetco Bar Fire. Good luck, Brookings!",Fire Progression,Sharing updates and resources,Hope/Reassurance,Fire status and operations,"Personal Safety, Proximity, and Local Threat",Informational/Neutral,Media and Information Sharing
chetco-bar,throssel,"@CNN @ABC @NBCNews @usnews @FoxNews @BBCBreaking https://t.co/K8bJlwyau5
Small fires on the headlines but the largest in the country isn't?",Public Accountability,,,,Media Amplification and Information Gaps,Informational/Neutral,Media and Information Sharing
chetco-bar,bonbon823,My best friend is getting ready to evacuate.  Please send prayers for everyone's safety. #ChetcoBarFire https://t.co/yDBHHaTa7W,Evacuation,"Solidarity, prayer, and gratitude",Alarm/Distress,Community solidarity and appreciation,Evacuation Orders and Displacement Experiences,Grateful/Supportive,Evacuation and Area Closures
chetco-bar,SJ_Eblen,"Last night's foggy, smoky sunset on the SW Oregon Coast.  #ChetcoBarFire https://t.co/7ea5m9jFW0",Smoke / Air Quality,Seeking visibility and official action,Neutral/Informational,"Smoke, weather, and air quality",Environmental Observation and Fire Spectacle,Engaged/Observational,Media and Information Sharing
chetco-bar,paulcolvin,@KristianOPB #chetcobarfire,Fire Progression,,,,Tracking Fire Scale and Containment Progress,Engaged/Observational,Fire Behavior and Status
chetco-bar,HorseKrazyChick,More Chetco Bar Fire 🔥 info https://t.co/fMtJdcx0nl,Fire Progression,Seeking visibility and official action,Neutral/Informational,Fire status and operations,Media Amplification and Information Gaps,Informational/Neutral,Media and Information Sharing
chetco-bar,JenneyFreeman,@OregonGovBrown Now you care about land? Total apathy about the #ChetcoBarFire until this week? It started July 12th? WHERE WERE YOU? #savebrookings #fail,Public Accountability,,,,"Personal Safety, Proximity, and Local Threat",Informational/Neutral,Personal Experience and Community Impact
chetco-bar,Tatiacha,Chetco Bar Fire Burning Near Brookings Approaches 'Megafire' Status https://t.co/IgEkSpfC0x,Fire Progression,Living with smoke and threat,Neutral/Informational,Fire status and operations,Tracking Fire Scale and Containment Progress,Informational/Neutral,Fire Behavior and Status
chetco-bar,Chelisou,@GMA https://t.co/Sbz5jcwIYP  prayers for my communities,Community Solidarity,,,,"Community Solidarity, Prayer, and Emotional Bonds",Informational/Neutral,Media and Information Sharing
chetco-bar,LouisaSwann,Chetco Bar Fire Burning Near Brookings Approaches 'Megafire' Status https://t.co/64mKnA7Kzs,Fire Progression,Living with smoke and threat,Neutral/Informational,Fire status and operations,Tracking Fire Scale and Containment Progress,Informational/Neutral,Fire Behavior and Status
chetco-bar,routyj,Mountain picture 407. #nofilterneeded smoke from the Chetco Bar fire hovered over us most of the… https://t.co/BJfxF4iQHr,Smoke / Air Quality,Living with smoke and threat,Alarm/Distress,"Smoke, weather, and air quality",Smoke Exposure and Air Quality Monitoring,Informational/Neutral,Situational Awareness and Mapping
chetco-bar,johnhutchison20,https://t.co/MiTxB3lj16 https://t.co/E53xhXm7Y0,Fire Progression,,,,Media Amplification and Information Gaps,Informational/Neutral,Media and Information Sharing
chetco-bar,BessYoungPhoto,"Chetco Bar Fire | Brookings, Oregon https://t.co/8M0SmtvVhX https://t.co/gWNK21yAwy",Fire Progression,Seeking visibility and official action,Neutral/Informational,Fire status and operations,"Personal Safety, Proximity, and Local Threat",Informational/Neutral,Media and Information Sharing
chetco-bar,jandianmfr,Homes destroyed by Chetco Bar Fire; evacuation orders in place https://t.co/GFWEjglILN,Evacuation,Evacuation and immediate disruption,Alarm/Distress,Evacuation and public safety,Evacuation Orders and Displacement Experiences,Informational/Neutral,Evacuation and Area Closures
chetco-bar,TracySchlater,"Friend in Brookings, OR texted: ""There are IA FFs in my grocery store."" Then a selfie of her &amp; Husband's coworker. #ChetcoBarFire",Fire Progression,Seeking visibility and official action,Neutral/Informational,Personal experience and disruption,"Personal Safety, Proximity, and Local Threat",Informational/Neutral,Personal Experience and Community Impact
chetco-bar,MarilynM,"#ChetcoBarFire: 100,000 acres, 0% contained, 1000 firefighters, 2000 evacuated #brookings #oregon @thetriplicate https://t.co/lxTBKGNPIw",Fire Progression,Evacuation and immediate disruption,Neutral/Informational,Fire status and operations,Tracking Fire Scale and Containment Progress,Informational/Neutral,Fire Behavior and Status
chetco-bar,PostalNiner101,"@realDonaldTrump 
Please help Brookings Oregon!Many of us evacuated from our homes due to a fire called the ""Chetco Bar fire"". help...PLEASE",Evacuation,,,,"Personal Safety, Proximity, and Local Threat",Distressed/Urgent,Personal Experience and Community Impact
chetco-bar,PostalNiner101,@CNN Help Brookings Oregon from Chetco Bar Fire please,Fire Progression,,,,"Personal Safety, Proximity, and Local Threat",Concerned/Anxious,Media and Information Sharing
chetco-bar,lupusincolor_kw,#ChetcoBarFire https://t.co/WoKLNI2NM1,Fire Progression,Seeking visibility and official action,Neutral/Informational,Fire status and operations,Media Amplification and Information Gaps,Informational/Neutral,Media and Information Sharing
chetco-bar,lupusincolor_kw,#ChetcoBarFire https://t.co/5I5apCAmxR,Fire Progression,Seeking visibility and official action,Neutral/Informational,Fire status and operations,Media Amplification and Information Gaps,Informational/Neutral,Media and Information Sharing
chetco-bar,lupusincolor_kw,Thank you!! #ChetcoBarFire https://t.co/LOfDSMyyfh,Community Solidarity,"Solidarity, prayer, and gratitude",Gratitude/Appreciation,Community solidarity and appreciation,"Community Solidarity, Prayer, and Emotional Bonds",Informational/Neutral,Media and Information Sharing
chetco-bar,lupusincolor_kw,So #thankful to all those fighting the 🔥🔥🔥! Whether it be on the front lines or in other ways; it's so appreciated!! 🙏🏻 #ChetcoBarFire https://t.co/KHWfV13kFr,Community Solidarity,"Solidarity, prayer, and gratitude",Gratitude/Appreciation,Fire status and operations,"Community Solidarity, Prayer, and Emotional Bonds",Grateful/Supportive,Media and Information Sharing
chetco-bar,lupusincolor_kw,Thank you!! #ChetcoBarFire 🚒👨🏼‍🚒👩🏽‍🚒 https://t.co/2x6WNIZvKS,Community Solidarity,"Solidarity, prayer, and gratitude",Gratitude/Appreciation,Community solidarity and appreciation,"Community Solidarity, Prayer, and Emotional Bonds",Informational/Neutral,Media and Information Sharing
chetco-bar,lupusincolor_kw,#ChetcoBarFire You are #rockstars Thank you! https://t.co/yxvVfpO6eS,Community Solidarity,"Solidarity, prayer, and gratitude",Gratitude/Appreciation,Community solidarity and appreciation,"Community Solidarity, Prayer, and Emotional Bonds",Informational/Neutral,Media and Information Sharing
chetco-bar,lupusincolor_kw,#ChetcoBarFire Hurts my heart to see this. https://t.co/jrWUQONGxi,Fire Progression,Seeking visibility and official action,Neutral/Informational,Fire status and operations,Media Amplification and Information Gaps,Informational/Neutral,Media and Information Sharing
chetco-bar,mellivora1,Chetco Bar Fire Burning Near Brookings Approaches 'Megafire' Status https://t.co/Wc70jbxFcK #esm108murphy,Fire Progression,Living with smoke and threat,Neutral/Informational,Fire status and operations,Tracking Fire Scale and Containment Progress,Informational/Neutral,Fire Behavior and Status
chetco-bar,BugMeAboutRE,"Yikes... this is bad.  Praying for the families of all effected including the res-ponders.
Its going to continue... https://t.co/pRZ6MPVBe6",Community Solidarity,"Solidarity, prayer, and gratitude",Alarm/Distress,Community solidarity and appreciation,"Community Solidarity, Prayer, and Emotional Bonds",Grateful/Supportive,Media and Information Sharing
chetco-bar,MikeAdamsUT,"The great Meteorological phenomenon referred to as the ""Brookings Effect"" or ""Chetco Effect"" is how this fire... https://t.co/NMr0Pfk7V5",Fire Progression,Seeking visibility and official action,Anger/Blame,Fire status and operations,"Personal Safety, Proximity, and Local Threat",Informational/Neutral,Media and Information Sharing
chetco-bar,RoseMantle,"#ChetcoBarFire  
Chetco Bar Fire Evacuee Relief Fund https://t.co/XXv2q2IFlH",Fire Progression,Evacuation and immediate disruption,Hope/Reassurance,"Requests, donations, and aid","Community Solidarity, Prayer, and Emotional Bonds",Informational/Neutral,Media and Information Sharing
chetco-bar,SherryMindel,#ChetcoBarFire https://t.co/0JxX2UJMhP,Fire Progression,Seeking visibility and official action,Neutral/Informational,Fire status and operations,Media Amplification and Information Gaps,Informational/Neutral,Media and Information Sharing
chetco-bar,dive328,#ChetcoBarFire  Is The Largest Wildfire intensified by,Fire Progression,Seeking visibility and official action,Neutral/Informational,Fire status and operations,Tracking Fire Scale and Containment Progress,Engaged/Observational,Fire Behavior and Status
chetco-bar,Gcooper52,Chetco Bar Fire Evacuation Area Map https://t.co/fFDw2LGIEB,Evacuation,Evacuation and immediate disruption,Alarm/Distress,Evacuation and public safety,Evacuation Orders and Displacement Experiences,Informational/Neutral,Media and Information Sharing
chetco-bar,cassfitz_tw,#TWContheFrontLines. #ChetcoBarFire https://t.co/h9nbwJT3Va,Fire Progression,Seeking visibility and official action,Neutral/Informational,Fire status and operations,Media Amplification and Information Gaps,Informational/Neutral,Media and Information Sharing
chetco-bar,basincalls,Click here to support Everything lost to Chetco Bar Fire organized by Ashley Amirhosseini https://t.co/LjFZSoIhjf,Smoke / Air Quality,Living with smoke and threat,Gratitude/Appreciation,"Smoke, weather, and air quality",Smoke Exposure and Air Quality Monitoring,Grateful/Supportive,Smoke and Air Quality
chetco-bar,SJ_Eblen,Wednesday night smoke clearing out at my house north of Brookings. Enjoying some cleaner air.  #ChetcoBarFire https://t.co/VNycMGW4Lb,Smoke / Air Quality,Living with smoke and threat,Alarm/Distress,"Smoke, weather, and air quality","Personal Safety, Proximity, and Local Threat",Concerned/Anxious,Personal Experience and Community Impact
chetco-bar,geofitz_tw,#ChetcoBarFire https://t.co/9LXUY50qs3,Fire Progression,Seeking visibility and official action,Neutral/Informational,Fire status and operations,Media Amplification and Information Gaps,Informational/Neutral,Media and Information Sharing
chetco-bar,silverphoto1,The latest PDX Daily Paper! https://t.co/l1TGxjCGwh Thanks to @jandroid @TheWHL @smartaleck88 #contentmarketing #chetcobarfire,Fire Progression,,,,Tracking Fire Scale and Containment Progress,Informational/Neutral,Media and Information Sharing
chetco-bar,SteffanySodden,@realDonaldTrump Please help! Our governor Kate Brown is unequipt to handle this #ChetcoBarFire. We need more help. We have lost homes because of her...,Public Accountability,,,,Institutional Accountability and Crisis Governance,Frustrated/Critical,Institutional and Political Commentary
chetco-bar,SteffanySodden,"@RealJamesWoods Can you please get the word out about the #ChetcoBarFire. We have lost 100,000 acres due to Kate Brown and her inability to do her job...",Fire Progression,,,,Tracking Fire Scale and Containment Progress,Informational/Neutral,Fire Behavior and Status
chetco-bar,OR7Wolife,Chetco Bar Fire Burning Near Brookings Approaches 'Megafire' Status https://t.co/G8yxXTkQY7,Fire Progression,Living with smoke and threat,Neutral/Informational,Fire status and operations,Tracking Fire Scale and Containment Progress,Informational/Neutral,Fire Behavior and Status
chetco-bar,stacey_tigert,"This is the state of Oregon, we need all the help we can get

https://t.co/QGSnWQKOLS",Fire Progression,Seeking visibility and official action,Alarm/Distress,"Requests, donations, and aid",Media Amplification and Information Gaps,Informational/Neutral,Media and Information Sharing
chetco-bar,THUTO,"NPR: The Chetco Bar Fire, which started last month, is the nation’s top priority wildfire. https://t.co/pePtJ36YpI",Fire Progression,Seeking visibility and official action,Neutral/Informational,Fire status and operations,Media Amplification and Information Gaps,Informational/Neutral,Media and Information Sharing
chetco-bar,lupusincolor_kw,Level 1 Evacuation #ChetcoBarFire https://t.co/maUIJoNmJU,Evacuation,Evacuation and immediate disruption,Alarm/Distress,Evacuation and public safety,Evacuation Orders and Displacement Experiences,Informational/Neutral,Evacuation and Area Closures
chetco-bar,lupusincolor_kw,Sending prayers for #Brookings 🙏🏻🚒👨🏻‍🚒#ChetcoBarFire https://t.co/k1ZizEXcgr,Community Solidarity,"Solidarity, prayer, and gratitude",Alarm/Distress,Community solidarity and appreciation,"Community Solidarity, Prayer, and Emotional Bonds",Grateful/Supportive,Media and Information Sharing
chetco-bar,lupusincolor_kw,#ChetcoBarFire https://t.co/XhJ6PjwtBz,Fire Progression,Seeking visibility and official action,Neutral/Informational,Fire status and operations,Media Amplification and Information Gaps,Informational/Neutral,Media and Information Sharing
chetco-bar,lupusincolor_kw,Love this! #ChetcoBarFire https://t.co/XAuSNCyeY2,Fire Progression,Seeking visibility and official action,Neutral/Informational,Fire status and operations,Media Amplification and Information Gaps,Informational/Neutral,Media and Information Sharing
chetco-bar,lupusincolor_kw,🙏🏻🙏🏻🙏🏻 #ChetcoBarFire https://t.co/p7Jzsar5B8,Community Solidarity,Seeking visibility and official action,Neutral/Informational,Fire status and operations,"Community Solidarity, Prayer, and Emotional Bonds",Informational/Neutral,Media and Information Sharing
chetco-bar,lupusincolor_kw,#ChetcoBarFire https://t.co/MdbNv7Aadj,Fire Progression,Seeking visibility and official action,Neutral/Informational,Fire status and operations,Media Amplification and Information Gaps,Informational/Neutral,Media and Information Sharing
chetco-bar,lupusincolor_kw,#ChetcoBarFire https://t.co/9kv2BUEt9j,Fire Progression,Seeking visibility and official action,Neutral/Informational,Fire status and operations,Media Amplification and Information Gaps,Informational/Neutral,Media and Information Sharing
chetco-bar,Chelisou,@GMA how is this not being covered by your program? Pray for our communities https://t.co/j3ZA19INcu,Community Solidarity,,,,Media Amplification and Information Gaps,Informational/Neutral,Media and Information Sharing
chetco-bar,Chelisou,@dustinpari pray for our communities https://t.co/j3ZA19INcu,Community Solidarity,,,,Media Amplification and Information Gaps,Informational/Neutral,Media and Information Sharing
chetco-bar,dwatson_online,@DIRECTV so you  don't like firefighters? #chetcobarfire #allaboutthemoney https://t.co/V2PM6nEuj5,Operational Coordination,,,,Firefighting Operations and Crew Deployment,Informational/Neutral,Operational Response and Resources
chetco-bar,johnhutchison20,https://t.co/Fld5PthGTW https://t.co/mS4l2lIUDI,Fire Progression,,,,Media Amplification and Information Gaps,Informational/Neutral,Media and Information Sharing
chetco-bar,koricometh,"#chetcobarfire #oregoncoast #forestfire #fire 🔥🔥🔥🔥🔥🔥🌲 @ Brookings, Oregon https://t.co/dUOD4z2aJE",Fire Progression,Seeking visibility and official action,Neutral/Informational,Fire status and operations,"Personal Safety, Proximity, and Local Threat",Engaged/Observational,Media and Information Sharing
chetco-bar,Zoomer516,Praying for my family and everyone else affected by this awful event. #ChetcoBarFire,Community Solidarity,"Solidarity, prayer, and gratitude",Alarm/Distress,Personal experience and disruption,"Personal Safety, Proximity, and Local Threat",Concerned/Anxious,Personal Experience and Community Impact
chetco-bar,oneblackbird,"Chetco Bar Fire grows over 100,000 acres, remains 0 percent contained https://t.co/gY2T3HLvsM",Fire Progression,Seeking visibility and official action,Neutral/Informational,Fire status and operations,Tracking Fire Scale and Containment Progress,Informational/Neutral,Fire Behavior and Status
chetco-bar,socialsf,#chetcobarfire #forestservice #firefighting #helicopter #waterpickup #riverrefiller… https://t.co/mrDDJ5Ex1u,Operational Coordination,Seeking visibility and official action,Neutral/Informational,Fire status and operations,Firefighting Operations and Crew Deployment,Informational/Neutral,Operational Response and Resources
chetco-bar,jilliananne1,Holy hell I need a break from Facebook and all the shit storm! #ChetcoBarFire,Fire Progression,Seeking visibility and official action,Neutral/Informational,Fire status and operations,Tracking Fire Scale and Containment Progress,Informational/Neutral,Fire Behavior and Status
chetco-bar,jilliananne1,My town is literally in danger of burning! Level 1 evacuation. #Brookings #ChetcoBarFire,Evacuation,Evacuation and immediate disruption,Alarm/Distress,Evacuation and public safety,Evacuation Orders and Displacement Experiences,Frustrated/Critical,Evacuation and Area Closures
chetco-bar,jilliananne1,@marksrobinson1 The only time I will tweet #NoChetcoEffect! Need west winds! #ChetcoBarFire https://t.co/LQDvICKELC,Fire Progression,,,,"Personal Safety, Proximity, and Local Threat",Informational/Neutral,Weather and Environmental Conditions
chetco-bar,jilliananne1,"@GMA please talk about the #ChetcoBarFire tomorrow and keep us in ur thoughts. Over 100,000 acres gone Brookings @ level 2 evacuation https://t.co/8pBsJ5zjtE",Evacuation,,,,Evacuation Orders and Displacement Experiences,Informational/Neutral,Evacuation and Area Closures
chetco-bar,jilliananne1,Evacuation area!! #ChetcoBarFire #BrookingsOregon @GMA,Evacuation,,,,Evacuation Orders and Displacement Experiences,Engaged/Observational,Evacuation and Area Closures
chetco-bar,jilliananne1,@NBCNews please follow the #ChetcoBarFire in Brookings Oregon,Public Accountability,,,,Media Amplification and Information Gaps,Concerned/Anxious,Media and Information Sharing
chetco-bar,jilliananne1,#ChetcoBarFire,Fire Progression,Seeking visibility and official action,Neutral/Informational,Fire status and operations,Tracking Fire Scale and Containment Progress,Engaged/Observational,Fire Behavior and Status
chetco-bar,socialsf,#dusk #sunset #forestfiresmoke #chetcobarfire #haze #northcamp #weekendescape #summernights… https://t.co/2SIVzrDq6K,Smoke / Air Quality,Living with smoke and threat,Alarm/Distress,"Smoke, weather, and air quality",Smoke Exposure and Air Quality Monitoring,Engaged/Observational,Smoke and Air Quality
chetco-bar,sleeplessinhb,#prayforbrookings #ChetcoBarFire,Fire Progression,"Solidarity, prayer, and gratitude",Alarm/Distress,Community solidarity and appreciation,"Personal Safety, Proximity, and Local Threat",Engaged/Observational,Personal Experience and Community Impact
chetco-bar,socialsf,#sunset #dusk #lookingwest #northcamp #smoke and #haze #chetcobarfire #summernights… https://t.co/n4tKQBAUwX,Smoke / Air Quality,Living with smoke and threat,Alarm/Distress,"Smoke, weather, and air quality",Smoke Exposure and Air Quality Monitoring,Engaged/Observational,Smoke and Air Quality
chetco-bar,lupusincolor_kw,#ChetcoBarFire https://t.co/mhBcojKNWP,Fire Progression,Seeking visibility and official action,Neutral/Informational,Fire status and operations,Media Amplification and Information Gaps,Informational/Neutral,Media and Information Sharing
chetco-bar,SheriSpain,"#ChetcoBarFire 
#Hotshots #wildlandfirefighters  #altahotshots
#staysafeboysandgirls https://t.co/cCrE3PafZm",Operational Coordination,"Solidarity, prayer, and gratitude",Hope/Reassurance,Fire status and operations,Firefighting Operations and Crew Deployment,Informational/Neutral,Operational Response and Resources
chetco-bar,SheriSpain,"@jilliananne1 My boy is there. Prayers for all.
#firefightermom #AltaHotshots #ChetcoBarFire 
#Brookings",Operational Coordination,,,,Firefighting Operations and Crew Deployment,Grateful/Supportive,Operational Response and Resources
chetco-bar,debrakay66,@RonWyden @SecretaryZinke Why don't you find out why the forest service let the Chetco Bar fire for the last month and now is the largest fire in the nation.,Fire Progression,,,,Firefighting Operations and Crew Deployment,Informational/Neutral,Operational Response and Resources
chetco-bar,lupusincolor_kw,#ChetcoBarFire 🔥🚒👨🏻‍🚒 THANK YOU!! https://t.co/ThoLV70ttL,Community Solidarity,"Solidarity, prayer, and gratitude",Gratitude/Appreciation,Community solidarity and appreciation,"Community Solidarity, Prayer, and Emotional Bonds",Informational/Neutral,Media and Information Sharing
chetco-bar,RetiredSurfman,#ChetcoBarFire #brookingsOR https://t.co/NOi9WYDGw5,Fire Progression,Seeking visibility and official action,Neutral/Informational,Fire status and operations,"Personal Safety, Proximity, and Local Threat",Informational/Neutral,Media and Information Sharing
chetco-bar,RetiredSurfman,Chetco Effect this Friday could make things very interesting. #ChetcoBarFire #chetcoeffect #BrookingsOR https://t.co/Tx42HEsqA6,Fire Progression,Seeking visibility and official action,Neutral/Informational,Fire status and operations,"Personal Safety, Proximity, and Local Threat",Informational/Neutral,Media and Information Sharing
chetco-bar,RetiredSurfman,#ChetcoBarFire #brookingsOR https://t.co/YmW5ciAHMX,Fire Progression,Seeking visibility and official action,Neutral/Informational,Fire status and operations,"Personal Safety, Proximity, and Local Threat",Informational/Neutral,Media and Information Sharing
chetco-bar,JeedBe,"Chetco Bar Fire in Oregon quadruples in four days, approaches 100,000 acres – Wildfire Today https://t.co/fbMvkTgmJc",Fire Progression,Seeking visibility and official action,Neutral/Informational,Fire status and operations,Tracking Fire Scale and Containment Progress,Informational/Neutral,Fire Behavior and Status
chetco-bar,davidloda,Chetco Bar Fire Promises More Fear And Uncertainty For Southwest Oregon https://t.co/3ELAC9Dq5c,Fire Progression,Seeking visibility and official action,Alarm/Distress,Fire status and operations,Media Amplification and Information Gaps,Informational/Neutral,Media and Information Sharing
chetco-bar,Chelisou,@Ginger_Zee  please cover our 🔥 how will the weather effect us?https://t.co/j3ZA19INcu,Fire Progression,,,,"Personal Safety, Proximity, and Local Threat",Concerned/Anxious,Weather and Environmental Conditions
chetco-bar,TheCoolishMom,Chetco Bar Fire Evacuation Area Map https://t.co/7Jz0eOLmSQ,Evacuation,Evacuation and immediate disruption,Alarm/Distress,Evacuation and public safety,Evacuation Orders and Displacement Experiences,Informational/Neutral,Media and Information Sharing
chetco-bar,jilliananne1,"@TODAYshow @TODAYshow please bring awareness to Brookings Or and the #ChetcoBarFire 100,000 acres and 9000+ people in danger",Fire Progression,,,,Tracking Fire Scale and Containment Progress,Informational/Neutral,Fire Behavior and Status
chetco-bar,KSWildFacts,"Chetco Bar fire huge win for enviro, de-development groups like @OregonWild, @kswild  @SierraClub, Wyden, DeFazio. 
https://t.co/y9QV88cH2i",Fire Progression,Seeking visibility and official action,Neutral/Informational,Fire status and operations,Media Amplification and Information Gaps,Informational/Neutral,Media and Information Sharing
chetco-bar,DougFirVet,https://t.co/glXMj2ljMM,Fire Progression,,,,Media Amplification and Information Gaps,Informational/Neutral,Media and Information Sharing
chetco-bar,lupusincolor_kw,Thank you!! 🙌🏻🙌🏻🙌🏻 #ChetcoBarFire https://t.co/q28CiErsqH,Community Solidarity,"Solidarity, prayer, and gratitude",Gratitude/Appreciation,Community solidarity and appreciation,"Community Solidarity, Prayer, and Emotional Bonds",Grateful/Supportive,Media and Information Sharing
chetco-bar,lupusincolor_kw,#ChetcoBarFire https://t.co/xyXz8ptS2Z,Fire Progression,Seeking visibility and official action,Neutral/Informational,Fire status and operations,Media Amplification and Information Gaps,Informational/Neutral,Media and Information Sharing
chetco-bar,PhytophthoraLab,Chetco Bar Fire Promises More Fear And Uncertainty For Southwest Oregon https://t.co/q9whuTokXb,Fire Progression,Seeking visibility and official action,Alarm/Distress,Fire status and operations,Media Amplification and Information Gaps,Informational/Neutral,Media and Information Sharing
chetco-bar,lupusincolor_kw,#ChetcoBarFire https://t.co/1wrWe7zccw,Fire Progression,Seeking visibility and official action,Neutral/Informational,Fire status and operations,Media Amplification and Information Gaps,Informational/Neutral,Media and Information Sharing
chetco-bar,jilliananne1,#ChetcoBarFire #ChetcoStrong https://t.co/yBOUAPNCC6,Fire Progression,Seeking visibility and official action,Neutral/Informational,Community solidarity and appreciation,Media Amplification and Information Gaps,Informational/Neutral,Media and Information Sharing
chetco-bar,SheriSpain,#ChetcoBarFire #Brookings #Hotshots https://t.co/tAdKIOWxZd,Operational Coordination,Seeking visibility and official action,Neutral/Informational,Fire status and operations,Firefighting Operations and Crew Deployment,Informational/Neutral,Operational Response and Resources
chetco-bar,Son_of_Sandor,"Route 101 Brookings, Oregon. Not everyday you wake up to an evacuation alarm. Library says will open. Am waiting. https://t.co/AvEJhAdG2A",Evacuation,Evacuation and immediate disruption,Alarm/Distress,Evacuation and public safety,Evacuation Orders and Displacement Experiences,Informational/Neutral,Evacuation and Area Closures
chetco-bar,ADignorantium,"Hey, @realDonaldTrump Instead of campaigning for reelection maybe you need to do something about the #ChetcoBarFire
https://t.co/QFlfpC9t6H",Public Accountability,,,,Media Amplification and Information Gaps,Frustrated/Critical,Media and Information Sharing
chetco-bar,TheCoolishMom,Smoke Forecast Outlook Issued for Chetco Bar Air Quality https://t.co/mHIdgg701x,Smoke / Air Quality,Living with smoke and threat,Alarm/Distress,"Smoke, weather, and air quality",Smoke Exposure and Air Quality Monitoring,Informational/Neutral,Smoke and Air Quality
chetco-bar,bekabee,"May seem inadvisable but, we're headed to Brookings today. Friend's wedding. Gonna try and document what I can. :/ So weird. #ChetcoBarFire",Fire Progression,Seeking visibility and official action,Neutral/Informational,Personal experience and disruption,"Personal Safety, Proximity, and Local Threat",Informational/Neutral,Personal Experience and Community Impact
chetco-bar,lupusincolor_kw,#ChetcoBarFire #ChetcoStrong https://t.co/XvMEMUV64Q,Fire Progression,Seeking visibility and official action,Neutral/Informational,Community solidarity and appreciation,Media Amplification and Information Gaps,Informational/Neutral,Media and Information Sharing
chetco-bar,RoseMantle,Chetco Bar Fire Promises More Fear And Uncertainty For Southwest Oregon . News | OPB https://t.co/X2NMeQFYQd,Public Accountability,Seeking visibility and official action,Alarm/Distress,Media and political accountability,Media Amplification and Information Gaps,Informational/Neutral,Media and Information Sharing
chetco-bar,t_archibald,"Keeping on eye on family in Gold Beach, OR this afternoon.  Brookings Oregon located about 28 miles away is under... https://t.co/BhuXbTl5uS",Fire Progression,Seeking visibility and official action,Anger/Blame,Fire status and operations,"Personal Safety, Proximity, and Local Threat",Informational/Neutral,Media and Information Sharing
chetco-bar,JStevenson14,"Chetco Bar fire near doorstep in Brookings as residents prepare to leave****** Some in-laws evacuated, some ready. https://t.co/YVwj18w8tq",Evacuation,Evacuation and immediate disruption,Alarm/Distress,Evacuation and public safety,Evacuation Orders and Displacement Experiences,Distressed/Urgent,Personal Experience and Community Impact
chetco-bar,johnhutchison20,I added a video to a @YouTube playlist https://t.co/7ALoENhr8A chetco bar fire smoke nesika beach,Smoke / Air Quality,,,,Smoke Exposure and Air Quality Monitoring,Engaged/Observational,Smoke and Air Quality
chetco-bar,johnhutchison20,chetco bar fire smoke nesika beach: https://t.co/7ALoENhr8A via @YouTube,Smoke / Air Quality,,,,Smoke Exposure and Air Quality Monitoring,Informational/Neutral,Media and Information Sharing
chetco-bar,RobOlmos,watching relative humidity drop is like watching a bomb ticking down. #ChetcoBarFire #BrookingsOR,Fire Progression,Seeking visibility and official action,Neutral/Informational,"Smoke, weather, and air quality",Environmental Observation and Fire Spectacle,Engaged/Observational,Weather and Environmental Conditions
chetco-bar,johnhutchison20,I added a video to a @YouTube playlist https://t.co/7ALoENhr8A chetco bar fire smoke nesika beach https://t.co/BrRbOyw4NO,Smoke / Air Quality,,,,Smoke Exposure and Air Quality Monitoring,Engaged/Observational,Smoke and Air Quality
chetco-bar,johnhutchison20,chetco bar fire smoke nesika beach: https://t.co/7ALoENhr8A via @YouTube https://t.co/pxO9YktS6S,Smoke / Air Quality,,,,Smoke Exposure and Air Quality Monitoring,Informational/Neutral,Media and Information Sharing
chetco-bar,lupusincolor_kw,Thank you!!! 🚒👩🏻‍🚒👨🏼‍🚒💦🔥🙌🏻🙌🏻🙌🏻#ChetcoBarFire https://t.co/yMErUJsLsr,Community Solidarity,"Solidarity, prayer, and gratitude",Gratitude/Appreciation,Community solidarity and appreciation,"Community Solidarity, Prayer, and Emotional Bonds",Grateful/Supportive,Media and Information Sharing
chetco-bar,RicksOpinion,Brookings under evacuation warning as Chetco Bar Fire rages https://t.co/rBuTOrbOBg 156 sq. Miles burnt . 0 % contained .,Fire Progression,Evacuation and immediate disruption,Alarm/Distress,Evacuation and public safety,Tracking Fire Scale and Containment Progress,Grateful/Supportive,Fire Behavior and Status
chetco-bar,ElizabethMeadow,We need to open up wilderness  areas to fight #wildfires #ChetcoBarFire #thisshouldhaveneverhappened #biggestusfire @POTUS @repgregwalden,Fire Progression,Seeking visibility and official action,Neutral/Informational,Fire status and operations,"Personal Safety, Proximity, and Local Threat",Informational/Neutral,Weather and Environmental Conditions
chetco-bar,ElizabethMeadow,The town of #Brookings is in grave danger #ChetcoBarFire #whydidtheywait 2 fight this #wildfire #carbonfootprintbs @POTUS #forestmanagement,Fire Progression,Living with smoke and threat,Alarm/Distress,Fire status and operations,"Personal Safety, Proximity, and Local Threat",Frustrated/Critical,Personal Experience and Community Impact
chetco-bar,ElizabethMeadow,@RuizNews @KOBITV This should have never got to this level #ChetcoBarFire #forestmanagement @POTUS @RonWyden @repgregwalden,Public Accountability,,,,Media Amplification and Information Gaps,Informational/Neutral,Media and Information Sharing
chetco-bar,amymaetv,Smokey skies over the bridge at the river #ChetcoBarFire https://t.co/22ZfKOhxWZ,Smoke / Air Quality,Living with smoke and threat,Alarm/Distress,"Smoke, weather, and air quality",Smoke Exposure and Air Quality Monitoring,Informational/Neutral,Smoke and Air Quality
chetco-bar,CassieHardman,Scary to know that some of my family is heading down to fight the Chetco Bar fire today.. praying for everyone❤️,Community Solidarity,"Solidarity, prayer, and gratitude",Alarm/Distress,Community solidarity and appreciation,"Personal Safety, Proximity, and Local Threat",Grateful/Supportive,Personal Experience and Community Impact
chetco-bar,RenneLindberg,@dawnk777 @pdxnewsnow Chetco Bar is misleading. Lol,Public Accountability,,,,Media Amplification and Information Gaps,Informational/Neutral,Media and Information Sharing
chetco-bar,LindaMatlow,@SionanNW12 Thanks for covering the Chetco Bar fire. My friends there REALLY appreciate your work and dedication Sionan!,Community Solidarity,,,,"Community Solidarity, Prayer, and Emotional Bonds",Grateful/Supportive,Personal Experience and Community Impact
chetco-bar,johnhutchison20,I added a video to a @YouTube playlist https://t.co/g7nP0Ttxpn chetco bar fire nesika beach,Geospatial Mapping,,,,"Situational Maps, Photos, and Visual Briefings",Engaged/Observational,Situational Awareness and Mapping
chetco-bar,johnhutchison20,chetco bar fire nesika beach: https://t.co/g7nP0Ttxpn via @YouTube,Fire Progression,,,,Media Amplification and Information Gaps,Informational/Neutral,Media and Information Sharing
chetco-bar,johnhutchison20,I added a video to a @YouTube playlist https://t.co/g7nP0Ttxpn chetco bar fire nesika beach https://t.co/UeadBhgHe4,Geospatial Mapping,,,,"Situational Maps, Photos, and Visual Briefings",Engaged/Observational,Situational Awareness and Mapping
chetco-bar,johnhutchison20,chetco bar fire nesika beach: https://t.co/g7nP0Ttxpn via @YouTube https://t.co/BVYngP6lwt,Fire Progression,,,,Media Amplification and Information Gaps,Informational/Neutral,Media and Information Sharing
chetco-bar,RoverDov123,"My prayers with the families that lost their houses. 
#ChetcoBarFire  https://t.co/uqNGYWEJI0",Community Solidarity,"Solidarity, prayer, and gratitude",Alarm/Distress,Community solidarity and appreciation,"Community Solidarity, Prayer, and Emotional Bonds",Grateful/Supportive,Media and Information Sharing
chetco-bar,shrout_david,https://t.co/nt0i8aBmmj,Fire Progression,,,,Media Amplification and Information Gaps,Informational/Neutral,Media and Information Sharing
chetco-bar,pcta,Can we care about more than 1 natural disaster at a time? #ChetcoBarFire #HurricaneHarvey  https://t.co/aMXj3ubZey,Fire Progression,Seeking visibility and official action,Alarm/Distress,Fire status and operations,Media Amplification and Information Gaps,Distressed/Urgent,Media and Information Sharing
chetco-bar,goosejackson1,"Towns in Sothern Oregon coast are being evacuated to save lives from a massive fire. #ChetcoBarFire 100,000+ acres 0% containment https://t.co/5Xg759UlAu",Fire Progression,Evacuation and immediate disruption,Neutral/Informational,Fire status and operations,Tracking Fire Scale and Containment Progress,Informational/Neutral,Fire Behavior and Status
chetco-bar,MowseDoyle,Every home &amp; acre has value to the community': Chetco Bar Fire puts Brookings in peril https://t.co/hXMtIkZ3Qq,Fire Progression,,,,"Personal Safety, Proximity, and Local Threat",Informational/Neutral,Media and Information Sharing
chetco-bar,lupusincolor_kw,#ChetcoBarFire https://t.co/48Q3v5XIN3,Fire Progression,Seeking visibility and official action,Neutral/Informational,Fire status and operations,Media Amplification and Information Gaps,Informational/Neutral,Media and Information Sharing
chetco-bar,lupusincolor_kw,#ChetcoBarFire https://t.co/Jie7saTPkP,Fire Progression,Seeking visibility and official action,Neutral/Informational,Fire status and operations,Media Amplification and Information Gaps,Informational/Neutral,Media and Information Sharing
chetco-bar,lupusincolor_kw,#ChetcoBarFire https://t.co/KaYRyzSVHj,Fire Progression,Seeking visibility and official action,Neutral/Informational,Fire status and operations,Media Amplification and Information Gaps,Informational/Neutral,Media and Information Sharing
chetco-bar,lupusincolor_kw,Thank you!! #ChetcoBarFire https://t.co/cGVL3WN0gz,Community Solidarity,"Solidarity, prayer, and gratitude",Gratitude/Appreciation,Community solidarity and appreciation,"Community Solidarity, Prayer, and Emotional Bonds",Informational/Neutral,Media and Information Sharing
chetco-bar,lupusincolor_kw,#ChetcoBarFire https://t.co/UapqPqvJib,Fire Progression,Seeking visibility and official action,Neutral/Informational,Fire status and operations,Media Amplification and Information Gaps,Informational/Neutral,Media and Information Sharing
chetco-bar,lupusincolor_kw,Thank you for the work that you do! 🚒👨🏼‍🚒 🙌🏻 #ChetcoBarFire https://t.co/Zm6zfIUsVk,Community Solidarity,"Solidarity, prayer, and gratitude",Gratitude/Appreciation,Community solidarity and appreciation,"Community Solidarity, Prayer, and Emotional Bonds",Grateful/Supportive,Media and Information Sharing
chetco-bar,lupusincolor_kw,*is currently petitioning 🍎 to get rid of 👨🏼‍🚒 with the pornstache and replace it with 👁🍭👨🏼‍🚒instead* 🤷🏼‍♀️ #ChetcoBarFire #SorryNotSorry,Fire Progression,Seeking visibility and official action,Anger/Blame,Fire status and operations,Tracking Fire Scale and Containment Progress,Informational/Neutral,Fire Behavior and Status
chetco-bar,RetiredSurfman,Lets hope the fire lines hold.  #chetcobarfire #BrookingsOR https://t.co/FGCqZnFrA9,Community Solidarity,Seeking visibility and official action,Hope/Reassurance,Fire status and operations,Tracking Fire Scale and Containment Progress,Informational/Neutral,Fire Behavior and Status
chetco-bar,JadeMahoney,Chetco Bar fire near doorstep in Brookings as residents prepare to leave https://t.co/DGleBx9p0p,Fire Progression,Evacuation and immediate disruption,Neutral/Informational,Evacuation and public safety,Evacuation Orders and Displacement Experiences,Informational/Neutral,Media and Information Sharing
chetco-bar,lupusincolor_kw,"@blakeshelton Praying for them, too.  🙏🏻 But there's also the 
#ChetcoBarFire that is the TOP priority in the nation that needs more coverage. Pls RT. 🙌🏻",Community Solidarity,,,,"Community Solidarity, Prayer, and Emotional Bonds",Grateful/Supportive,Media and Information Sharing
chetco-bar,geographile,"Huge Chetco Bar fire near doorstep in Brookings, Ore. as residents prepare to leave | https://t.co/uWyKBONp80 https://t.co/ll6S4qMMXP",Fire Progression,Evacuation and immediate disruption,Neutral/Informational,Evacuation and public safety,Evacuation Orders and Displacement Experiences,Informational/Neutral,Media and Information Sharing
chetco-bar,ninanintius,@dayscreek @Firewise #Brookings #OregonFires #ChetcoBarFire https://t.co/K8OHHFoR6W,Fire Progression,,,,"Personal Safety, Proximity, and Local Threat",Informational/Neutral,Media and Information Sharing
chetco-bar,Oregon_Air,#ChetcoBar Fire has been burning for 6.5 weeks nice to see she could show up for a photo OP.  She let millions of $ timber go atmosphere!,Fire Progression,Living with smoke and threat,Neutral/Informational,Fire status and operations,Tracking Fire Scale and Containment Progress,Frustrated/Critical,Fire Behavior and Status
chetco-bar,BeckyConary,This fire is a few miles from my little town. Thank you to @SUP3RFRUIT &amp; @PTXofficial for the distraction from the stress. #ChetcoBarFire https://t.co/ecpF3PiSKI,Fire Progression,,,,"Personal Safety, Proximity, and Local Threat",Grateful/Supportive,Media and Information Sharing
chetco-bar,richardgpoor,"#ChetcoBarFire @ Brookings, Oregon https://t.co/ginrgHpSRy",Fire Progression,Seeking visibility and official action,Neutral/Informational,Fire status and operations,"Personal Safety, Proximity, and Local Threat",Informational/Neutral,Media and Information Sharing
chetco-bar,memorybank,"Stay safe, Oregonians! #ChetcoBarFire https://t.co/J8ZOUjD9jy",Community Solidarity,"Solidarity, prayer, and gratitude",Hope/Reassurance,Community solidarity and appreciation,"Community Solidarity, Prayer, and Emotional Bonds",Informational/Neutral,Media and Information Sharing
chetco-bar,ldjranch,"Twelve pictures about #ChetcoBarFire ~ Eight of them are about @OregonGovBrown . Disgusting.
@POTUS  @PoliticalShort  @joelpollak https://t.co/dK4XxFfeCh",Geospatial Mapping,Seeking visibility and official action,Neutral/Informational,Fire status and operations,"Situational Maps, Photos, and Visual Briefings",Frustrated/Critical,Situational Awareness and Mapping
chetco-bar,Ksdays541,Help offered for those displaced by Chetco Bar Fire https://t.co/L3OFWwSNc2,Evacuation,Seeking visibility and official action,Alarm/Distress,"Requests, donations, and aid",Evacuation Orders and Displacement Experiences,Informational/Neutral,Media and Information Sharing
chetco-bar,RoseMantle,Chetco Bar fire near doorstep in Brookings as residents prepare to leave https://t.co/h04BqYBA4r,Fire Progression,Evacuation and immediate disruption,Neutral/Informational,Evacuation and public safety,Evacuation Orders and Displacement Experiences,Informational/Neutral,Media and Information Sharing
chetco-bar,jilliananne1,"@RonWyden #ChetcoBarFire now up to 102,000 acres and is still 5 miles east of Brooking-Harbor!",Fire Progression,,,,Tracking Fire Scale and Containment Progress,Informational/Neutral,Fire Behavior and Status
chetco-bar,kaystray19,i like how #prayfortexas is trending but there hasn't been a single thing abt our wildfire🤷🏼‍♀️🙃 #ChetcoBarFire,Fire Progression,"Solidarity, prayer, and gratitude",Alarm/Distress,Community solidarity and appreciation,Tracking Fire Scale and Containment Progress,Informational/Neutral,Fire Behavior and Status
chetco-bar,slrsijt,Every home and acre has value to the community': Chetco Bar Fire puts Brookings in peril https://t.co/8aU2ojtNdO,Fire Progression,Evacuation and immediate disruption,Neutral/Informational,Community solidarity and appreciation,"Personal Safety, Proximity, and Local Threat",Informational/Neutral,Media and Information Sharing
chetco-bar,swampy30,"Praying for my hometown, friends and family #Brookings #ChetcoBarFire https://t.co/pWaUqXms3r",Community Solidarity,Evacuation and immediate disruption,Alarm/Distress,Personal experience and disruption,"Personal Safety, Proximity, and Local Threat",Concerned/Anxious,Personal Experience and Community Impact
chetco-bar,bekabee,The smoke this morning @ my mom's house. She told me these black leaves were raining from the sky the other day. #ChetcoBarFire https://t.co/OJYhmv8n9F,Smoke / Air Quality,Living with smoke and threat,Hope/Reassurance,"Smoke, weather, and air quality",Smoke Exposure and Air Quality Monitoring,Engaged/Observational,Smoke and Air Quality
chetco-bar,klybob,I would love a visit from my good friend who lives near Brookings but NOT because she has 2 evacuate due to the #ChetcoBarFire Stay safe all,Evacuation,Evacuation and immediate disruption,Hope/Reassurance,Evacuation and public safety,Evacuation Orders and Displacement Experiences,Grateful/Supportive,Evacuation and Area Closures
chetco-bar,bekabee,"Also I ran into firefighters from Clackamas, Molalla, &amp; Estacada at Wild River Pizza last night. Firetrucks eeeeeeverywhere. #ChetcoBarFire",Operational Coordination,,,,Firefighting Operations and Crew Deployment,Informational/Neutral,Operational Response and Resources
chetco-bar,RicksOpinion,Air attack on Chetco Bar Fire begins; https://t.co/Wg40wOjZbq,Fire Progression,Seeking visibility and official action,Neutral/Informational,Fire status and operations,Media Amplification and Information Gaps,Informational/Neutral,Media and Information Sharing
chetco-bar,SJ_Eblen,Friday night smoky sunset from Curry County Oregon and a bunny. We are thankful for all the support. #ChetcoBarFire https://t.co/HkJBcVWNRG,Smoke / Air Quality,"Solidarity, prayer, and gratitude",Gratitude/Appreciation,Community solidarity and appreciation,Environmental Observation and Fire Spectacle,Grateful/Supportive,Media and Information Sharing
chetco-bar,ldjranch,#ChetcoBarFire            https://t.co/aL9t5VeZX4,Fire Progression,Seeking visibility and official action,Neutral/Informational,Fire status and operations,Media Amplification and Information Gaps,Informational/Neutral,Media and Information Sharing
chetco-bar,Sophie14805,"Most of my husband's family lives in or near Brookings where the Chetco Bar fire is raging, 0 percent contained.... https://t.co/279fUeKBdH",Fire Progression,Seeking visibility and official action,Anger/Blame,Fire status and operations,Tracking Fire Scale and Containment Progress,Informational/Neutral,Fire Behavior and Status
chetco-bar,paulcolvin,"Hey #Rockport, TX: Send a little of your extra rain to the #ChetcoBarFire in Oregon. They could use it.",Fire Progression,Seeking visibility and official action,Hope/Reassurance,"Smoke, weather, and air quality","Personal Safety, Proximity, and Local Threat",Informational/Neutral,Weather and Environmental Conditions
chetco-bar,jandianmfr,Chetco Bar fire puts Brookings under evacuation warning https://t.co/R6k2NmRknv,Evacuation,Evacuation and immediate disruption,Alarm/Distress,Evacuation and public safety,Evacuation Orders and Displacement Experiences,Informational/Neutral,Evacuation and Area Closures
chetco-bar,DudeDiligence,Smoke plumes from Chetco Bar fire and smoke haze over S Oregon on 8/23/17 @inciweb #wildfire #ChetcoBarFire #chetcofire #iflyalaska 315 https://t.co/ZwLYFMrtAu,Smoke / Air Quality,Living with smoke and threat,Alarm/Distress,"Smoke, weather, and air quality",Smoke Exposure and Air Quality Monitoring,Informational/Neutral,Smoke and Air Quality
chetco-bar,InfoPasser,"#ChetcoBarFire  Southern Oregon is suffering too..send a little love, cos it's bad here. thx",Fire Progression,Seeking visibility and official action,Alarm/Distress,Fire status and operations,"Personal Safety, Proximity, and Local Threat",Grateful/Supportive,Personal Experience and Community Impact
chetco-bar,LMWeidman,".@CNNnewsroom @MSNBC Please take note of the other natural disaster happening in the U.S. today, and give us updates. #ChetcoBarFire in Ore. https://t.co/eNwcfg2sUS",Public Accountability,,,,Media Amplification and Information Gaps,Informational/Neutral,Media and Information Sharing
chetco-bar,LMWeidman,.@CNN @MSNBC Here are some of the current facts about the #ChetcoBarFire. https://t.co/IaGKuFxV1t,Fire Progression,,,,Media Amplification and Information Gaps,Informational/Neutral,Media and Information Sharing
chetco-bar,hopejoyandfaith,"Donations for Chetco Bar Fire Horse, Livestock and Pet Evacuations need to be sent here:... https://t.co/r8lvKqP8ZO",Evacuation,Evacuation and immediate disruption,Alarm/Distress,Evacuation and public safety,Evacuation Orders and Displacement Experiences,Informational/Neutral,Evacuation and Area Closures
chetco-bar,hopejoyandfaith,"The link for financial donations for the Chetco Bar Fire Horse, Livestock and Pet Support is pinned at the top of Hope, Joy &amp; Faith Farm",Community Solidarity,"Solidarity, prayer, and gratitude",Gratitude/Appreciation,"Requests, donations, and aid","Community Solidarity, Prayer, and Emotional Bonds",Grateful/Supportive,Media and Information Sharing
chetco-bar,EDENAMORE22,Bookings Oregon is on crazy fire right now! My parents are #stubborn #ChetcoBarFire  #sadface,Fire Progression,Seeking visibility and official action,Anger/Blame,Fire status and operations,Tracking Fire Scale and Containment Progress,Informational/Neutral,Fire Behavior and Status
chetco-bar,coachgonzojr,Woodworking &amp; @TraegerGrills = 👍🏼Saturday! 👏🏼 Firefighters! Keep it up! It's Fight Night! #TeamBrookingsHarbor #ChetcoBarFire #UFC2Boxing https://t.co/cgSirceWoi,Operational Coordination,,,,Firefighting Operations and Crew Deployment,Informational/Neutral,Operational Response and Resources
chetco-bar,Proxkill3rGT,@PhillyD just wanted to have you look up chetco bar fire. It's the nation's number one wild fire right now. I live here and can say..,Fire Progression,,,,"Personal Safety, Proximity, and Local Threat",Informational/Neutral,Personal Experience and Community Impact
chetco-bar,sarafaithphotog,Last looks of summer 🌲☀️ #fog #brookingsoregon #chetcobarfire #millennialwanderlust #whattodoinsouthernoregon #yoursouthernoregonlife https://t.co/TEKP8BmGhQ,Fire Progression,Seeking visibility and official action,Anger/Blame,"Smoke, weather, and air quality","Personal Safety, Proximity, and Local Threat",Informational/Neutral,Media and Information Sharing
chetco-bar,SteffanySodden,"#tears are all I have had for days. My home of Brookings Oregon is still under threat of #ChetcoBarFire, and yet no coverage...",Public Accountability,Seeking visibility and official action,Alarm/Distress,Media and political accountability,"Personal Safety, Proximity, and Local Threat",Concerned/Anxious,Personal Experience and Community Impact
chetco-bar,SteffanySodden,"Does anyone care that the #ChetcoBarFire is the biggest fire in the country? No, because they are too busy complaining about statues.",Fire Progression,Seeking visibility and official action,Anger/Blame,Fire status and operations,Tracking Fire Scale and Containment Progress,Informational/Neutral,Fire Behavior and Status
chetco-bar,Si_Worthey11,"If ur from Brookings look at these pictures of Sirius in ur time of need and remember to smile, things will get better  #ChetcoBarFire https://t.co/zHmRQPNcr1",Geospatial Mapping,Seeking visibility and official action,Hope/Reassurance,Fire status and operations,Environmental Observation and Fire Spectacle,Engaged/Observational,Situational Awareness and Mapping
chetco-bar,koricometh,Chetco Bar Fire | August 26 2017 | Smokey Afternoon: https://t.co/LntAIA9dzS via @YouTube,Smoke / Air Quality,,,,Smoke Exposure and Air Quality Monitoring,Informational/Neutral,Media and Information Sharing
chetco-bar,PetGrief,Donations to the animal care efforts can be made here: https://t.co/MyZSMoPCSJ,Fire Progression,Seeking visibility and official action,Anger/Blame,"Requests, donations, and aid",Media Amplification and Information Gaps,Informational/Neutral,Media and Information Sharing
chetco-bar,PetEndofLife,Donations to the animal care efforts can be made here: https://t.co/P1IoQVIcLQ,Fire Progression,Seeking visibility and official action,Anger/Blame,"Requests, donations, and aid",Media Amplification and Information Gaps,Informational/Neutral,Media and Information Sharing
chetco-bar,koricometh,I added a video to a @YouTube playlist https://t.co/LntAIA9dzS CHETCO BAR FIRE | AUGUST 26 2017 | Smokey Afternoon,Smoke / Air Quality,,,,Smoke Exposure and Air Quality Monitoring,Engaged/Observational,Smoke and Air Quality
chetco-bar,pattyeckroth,Chetco Bar fire near doorstep in Brookings as residents prepare to leave https://t.co/n6yWAacZ17,Fire Progression,Evacuation and immediate disruption,Neutral/Informational,Evacuation and public safety,Evacuation Orders and Displacement Experiences,Informational/Neutral,Media and Information Sharing
chetco-bar,RoseMantle,"I have one thing to say to the #ChetcoBarFire....
 https://t.co/l67RNS7wjx",Fire Progression,Seeking visibility and official action,Neutral/Informational,Fire status and operations,Media Amplification and Information Gaps,Informational/Neutral,Media and Information Sharing
chetco-bar,BeamMeUpScotee,Still evacuated from the chetco bar fire. No fun. Especially for the animals!,Evacuation,Evacuation and immediate disruption,Alarm/Distress,Evacuation and public safety,Evacuation Orders and Displacement Experiences,Distressed/Urgent,Personal Experience and Community Impact
chetco-bar,biff_schulz,"Sunset thrust the smoke of the chetco bar fire. Currently at 105,489 acres with 1700 firefighters, 8 helicopters, 60 engines and 20 air https://t.co/jLyPG4yZdm",Operational Coordination,Living with smoke and threat,Neutral/Informational,Fire status and operations,Firefighting Operations and Crew Deployment,Informational/Neutral,Operational Response and Resources
chetco-bar,biff_schulz,Smoke of the chetco bar fire over the pacific northwest coast. https://t.co/rinrj67fOL,Smoke / Air Quality,Living with smoke and threat,Alarm/Distress,"Smoke, weather, and air quality",Smoke Exposure and Air Quality Monitoring,Informational/Neutral,Smoke and Air Quality
chetco-bar,TheCoolishMom,"Southern OR coast has the largest wildfire in the US, but it's not making national news. #ChetcoBarFire @realDonaldTrump @VP https://t.co/zSLacawq5j",Public Accountability,Seeking visibility and official action,Anger/Blame,Media and political accountability,Media Amplification and Information Gaps,Frustrated/Critical,Media and Information Sharing
chetco-bar,Whstlngfshpttry,Smoky today. Sigh... Bird Island from Harris Beach. #chetcobarfire #smoke #badairquality… https://t.co/JqejvVFqeA,Smoke / Air Quality,Living with smoke and threat,Alarm/Distress,"Smoke, weather, and air quality",Smoke Exposure and Air Quality Monitoring,Informational/Neutral,Smoke and Air Quality
chetco-bar,amylindman,Stay safe Brookings Oregon! My beautiful old hometown ❤️#ChetcoBarFire https://t.co/Q5s3h7ox9m,Community Solidarity,Evacuation and immediate disruption,Hope/Reassurance,Community solidarity and appreciation,"Community Solidarity, Prayer, and Emotional Bonds",Grateful/Supportive,Media and Information Sharing
chetco-bar,backwoodshome,"This is a view of the Thomas Creek Bridge, and beyond it is the giant Chetco Bar Fire advancing on Brookings. OR. https://t.co/gaOKyr8Fai",Fire Progression,Seeking visibility and official action,Neutral/Informational,Fire status and operations,Environmental Observation and Fire Spectacle,Engaged/Observational,Situational Awareness and Mapping
chetco-bar,jilliananne1,"This bs about what the governor did or didn't do is bs! No lives lost, sadly 5 homes loss but grateful it wasn't more. #ChetcoBarFire",Community Solidarity,Seeking visibility and official action,Anger/Blame,Media and political accountability,Institutional Accountability and Crisis Governance,Frustrated/Critical,Institutional and Political Commentary
chetco-bar,jilliananne1,Luckily it hasn't been worse then it is and that's because of everyone who has pulled together and helped. #ChetcoBarFire,Fire Progression,Seeking visibility and official action,Alarm/Distress,"Requests, donations, and aid",Tracking Fire Scale and Containment Progress,Informational/Neutral,Fire Behavior and Status
chetco-bar,socialsf,#smoke &amp; #haze #chetcobarfire #sunset #dusk #forestfiresmoke #northcamp #letsadventure… https://t.co/Mdrfc4lEEh,Smoke / Air Quality,,,,Smoke Exposure and Air Quality Monitoring,Engaged/Observational,Smoke and Air Quality
chetco-bar,lupusincolor_kw,Shoutout to #BlackTrumpetBistro you are a rockstar!!! ✨Thank you! #ChetcoBarFire https://t.co/XA8YFCTpHX,Community Solidarity,Seeking visibility and official action,Gratitude/Appreciation,Media and political accountability,"Community Solidarity, Prayer, and Emotional Bonds",Frustrated/Critical,Media and Information Sharing
chetco-bar,lupusincolor_kw,#ChetcoBarFire https://t.co/Cd9QxfBtLr,Fire Progression,Seeking visibility and official action,Neutral/Informational,Fire status and operations,Media Amplification and Information Gaps,Informational/Neutral,Media and Information Sharing
chetco-bar,cebeara,Chetco Bar Fire Promises More Fear And Uncertainty For Southwest Oregon https://t.co/lngWdRFVrw,Fire Progression,Seeking visibility and official action,Alarm/Distress,Fire status and operations,Media Amplification and Information Gaps,Informational/Neutral,Media and Information Sharing
chetco-bar,BeamMeUpScotee,#ChetcoBarFire smoke so thick in town I'm having trouble breathing. Fire appears not to have grown overnight. #BrookingsOregon,Smoke / Air Quality,Living with smoke and threat,Alarm/Distress,"Smoke, weather, and air quality","Personal Safety, Proximity, and Local Threat",Informational/Neutral,Personal Experience and Community Impact
chetco-bar,TheCoolishMom,Yesterday's smoke v today's. Even our close trees are disappearing into the choking abyss... #ChetcoBarFire @VP @realDonaldTrump @FoxNews https://t.co/CQP3D5iviz,Public Accountability,Living with smoke and threat,Alarm/Distress,"Smoke, weather, and air quality",Media Amplification and Information Gaps,Frustrated/Critical,Media and Information Sharing
chetco-bar,TheCoolishMom,@candacecbure Need prayers in OR also. The #ChetcoBarFire is threatening our entire town and no nat'l news on it. Over 100K acres and growing #help,Fire Progression,,,,Tracking Fire Scale and Containment Progress,Grateful/Supportive,Fire Behavior and Status
chetco-bar,LindaWaggoner7,"@FoxNews So sorry about the heart break in Texas, but no news of the Chetco Bar fire and Brookings Oregon in its path.",Public Accountability,,,,Media Amplification and Information Gaps,Informational/Neutral,Media and Information Sharing
chetco-bar,InfoPasser,"@davidbriggspdx Even tho smoke is bad today, they will go forward on plans to cut giant fire line on W/SW side of inferno. #ChetcoBarFire",Smoke / Air Quality,,,,Tracking Fire Scale and Containment Progress,Informational/Neutral,Fire Behavior and Status
chetco-bar,TheFamilyAliens,"The biggest and prob most threatening fire in Oregon now, Chetco Bar, is so big bc it's in the Kalmiopsis Wilderness.",Fire Progression,Living with smoke and threat,Alarm/Distress,Fire status and operations,Tracking Fire Scale and Containment Progress,Informational/Neutral,Fire Behavior and Status
chetco-bar,PostalNiner101,@realDonaldTrump Please help Brookings Oregon from Massive Chetco Bar fire https://t.co/e0A9piOG2y,Public Accountability,,,,"Personal Safety, Proximity, and Local Threat",Frustrated/Critical,Media and Information Sharing
chetco-bar,PostalNiner101,@cnnbrk why no news on the massive Chetco Bar fire in Brookings Oregon? Need help and prayers https://t.co/592d2opdbe,Community Solidarity,,,,Media Amplification and Information Gaps,Grateful/Supportive,Media and Information Sharing
chetco-bar,SonnyPerdue,"Proud of @USDA employees. Response to #Harvey underway while #forestservice fights fires, incl. Oregon &amp; No. CA. This is Chetco Bar fire. https://t.co/hA0yt9ohjB",Fire Progression,,,,Media Amplification and Information Gaps,Informational/Neutral,Media and Information Sharing
chetco-bar,PostalNiner101,@NBCNightlyNews Brookings Oregon in danger Chetco Bar fire https://t.co/W99ED0LDIj,Public Accountability,,,,Media Amplification and Information Gaps,Frustrated/Critical,Media and Information Sharing
chetco-bar,chelsesaurusrex,@FlakeJay they aren't talking abt this bc it doesn't fit their narrative (nor is it much help) https://t.co/A7Q2RQOcFe,Fire Progression,,,,Media Amplification and Information Gaps,Informational/Neutral,Media and Information Sharing
chetco-bar,InfoPasser,Send a little love to So. Oregon  #ChetcoBarFire ❤️,Community Solidarity,Seeking visibility and official action,Neutral/Informational,Fire status and operations,Tracking Fire Scale and Containment Progress,Grateful/Supportive,Fire Behavior and Status
chetco-bar,SonnyPerdue,"Courageous @forestservice firefighters continue to battle blazes in Pacific NW, No. California, Northern Rockies. https://t.co/095H56gDuU",Operational Coordination,,,,Firefighting Operations and Crew Deployment,Informational/Neutral,Operational Response and Resources
chetco-bar,JaredCastle,"Wake up, #Oregon. Past performance predicts future performance. https://t.co/vRqnIAwXvE @LGunderson @tedsickinger #ChetcoBarFire",Fire Progression,Seeking visibility and official action,Neutral/Informational,Fire status and operations,Media Amplification and Information Gaps,Informational/Neutral,Media and Information Sharing
chetco-bar,barttels2,"2015 Malheur. 2017 Chetco Bar. Firefighting trumps forest management. 

https://t.co/J1V9133xDv  #CanyonCreekFire via @oregonian",Public Accountability,Seeking visibility and official action,Neutral/Informational,Media and political accountability,Media Amplification and Information Gaps,Informational/Neutral,Media and Information Sharing
chetco-bar,JadeMahoney,"Mild winds, air attacks slow Chetco Bar Fire to a crawl https://t.co/fWJfCPgMMH",Fire Progression,Seeking visibility and official action,Neutral/Informational,"Smoke, weather, and air quality","Personal Safety, Proximity, and Local Threat",Informational/Neutral,Weather and Environmental Conditions
chetco-bar,8oclock_coffee,8oclock_coffee,Fire Progression,Seeking visibility and official action,Neutral/Informational,Fire status and operations,Tracking Fire Scale and Containment Progress,Informational/Neutral,Fire Behavior and Status
chetco-bar,Tweeterdam,Red Flag warning issued for Chetco Bar Fire https://t.co/cGS1avBKd7,Fire Progression,Seeking visibility and official action,Neutral/Informational,Evacuation and public safety,"Personal Safety, Proximity, and Local Threat",Informational/Neutral,Weather and Environmental Conditions
chetco-bar,ConnorLewisWX,There are NOT any fires locally in the Willamette Valley. Our smoke is mainly coming from the Chetco Bar Fire driven by upper level SW winds,Smoke / Air Quality,Living with smoke and threat,Alarm/Distress,"Smoke, weather, and air quality",Smoke Exposure and Air Quality Monitoring,Informational/Neutral,Smoke and Air Quality
chetco-bar,backwoodshome,Canceled plans to go to my office in GB today due to smoke from the Chetco Bar Fire: https://t.co/3hfmt3QlDr https://t.co/ba7r8fWLLD,Smoke / Air Quality,Living with smoke and threat,Alarm/Distress,"Smoke, weather, and air quality",Smoke Exposure and Air Quality Monitoring,Informational/Neutral,Smoke and Air Quality
chetco-bar,raindogtweets,"Been smokey all day, but sun just popped out &amp; am hearing helicopters. Hope this means crews are able to drop some water. #ChetcoBarFire https://t.co/2uuaNUvPEt",Operational Coordination,,,,Firefighting Operations and Crew Deployment,Informational/Neutral,Operational Response and Resources
chetco-bar,MandyAldrich2,@20committee @GayPatriot Last Saturday night my town had the #ChetcoBarFire barreling down on us.  A family put out a call for help. Almost 80 showed up.,Fire Progression,,,,"Personal Safety, Proximity, and Local Threat",Informational/Neutral,Personal Experience and Community Impact
chetco-bar,heidibears19,So scary! Praying for those affected #Harvey and #ChetcoBarFire! God go with all of the first responders and their support staff! https://t.co/Xbl8LcipJt,Community Solidarity,"Solidarity, prayer, and gratitude",Alarm/Distress,Community solidarity and appreciation,"Community Solidarity, Prayer, and Emotional Bonds",Grateful/Supportive,Media and Information Sharing
chetco-bar,MandyAldrich2,"Just like my town last weekend/#ChetcoBarFire.  One family put out a call for help; 80+showed up, middle of the night. https://t.co/nQ36hznduQ",Fire Progression,Seeking visibility and official action,Alarm/Distress,"Requests, donations, and aid","Personal Safety, Proximity, and Local Threat",Informational/Neutral,Media and Information Sharing
chetco-bar,JeedBe,"""..lgrst fire..Chetco bar..Brookings..nearly 108,000 acres..update on others..""More than 320,000 acres ablaze in OR https://t.co/l3WzCME07p",Fire Progression,Sharing updates and resources,Neutral/Informational,Fire status and operations,Tracking Fire Scale and Containment Progress,Informational/Neutral,Fire Behavior and Status
chetco-bar,MichaelRpdx,Chetco Bar fire has burned area larger than city of Portland. Expected containment is in mid-October.  https://t.co/dsUaZHn0uD https://t.co/CsyZCuXjAq,Fire Progression,Seeking visibility and official action,Neutral/Informational,Fire status and operations,Tracking Fire Scale and Containment Progress,Grateful/Supportive,Fire Behavior and Status
chetco-bar,TheCoolishMom,@DaveRamsey Pray for OR also! #ChetcoBarFire,Community Solidarity,,,,Tracking Fire Scale and Containment Progress,Engaged/Observational,Fire Behavior and Status
chetco-bar,LindaWaggoner7,"@FoxNews the biggest fire in the US, Chetco Bar fire threatening the town of Brookings and not one word in the National news. Shameful!",Public Accountability,,,,Media Amplification and Information Gaps,Informational/Neutral,Media and Information Sharing
chetco-bar,jackiesheldon,"RT @RRSNF: #ChetcoBarFire Sunday 08-27-17, 6 p.m. Level 2&amp;amp;3 Evacuation Updates

See full detail map here --&amp;gt;… https://t.co/k6mAO0ZNhb",Evacuation,,,,Evacuation Orders and Displacement Experiences,Informational/Neutral,Evacuation and Area Closures
chetco-bar,KimInsley,"Meanwhile - much of the west is burning. Pic is near Seattle. In Oregon, level 3 evac along coast. #ChetcoBarFire https://t.co/GojS4WZj6Q",Evacuation,Evacuation and immediate disruption,Neutral/Informational,Evacuation and public safety,Tracking Fire Scale and Containment Progress,Informational/Neutral,Fire Behavior and Status
chetco-bar,LTPthatsme,"While #Houston floods 
- #Oregon burns...

#ChetcoBarFire 
For more than a month.
168sq miles.
108,000 acres. https://t.co/a4JlWaJbXW",Fire Progression,Seeking visibility and official action,Neutral/Informational,Fire status and operations,Tracking Fire Scale and Containment Progress,Informational/Neutral,Fire Behavior and Status
chetco-bar,SteffanySodden,@kirstiealley And also forgetting about #ChetcoBarFire. I'm glad we pick and choose who deserves the help. Might not be rich but we matter.,Fire Progression,,,,"Situational Maps, Photos, and Visual Briefings",Informational/Neutral,Situational Awareness and Mapping
chetco-bar,NuxPls,"""Fire Season"" as if we are expected for this to be a norm. The Chetco Bar fire started at a quarter-acre, now it's out of control at 100,000 https://t.co/8qHobWrKk1",Fire Progression,Seeking visibility and official action,Anger/Blame,Fire status and operations,Media Amplification and Information Gaps,Informational/Neutral,Media and Information Sharing
chetco-bar,GunderBathgate,"2) Please pray for my sister's town of Brookings, OR. Wildfire threatens the town's safety. https://t.co/Usx62nHjBl",Community Solidarity,"Solidarity, prayer, and gratitude",Alarm/Distress,"Requests, donations, and aid","Personal Safety, Proximity, and Local Threat",Concerned/Anxious,Media and Information Sharing
chetco-bar,Legos4MeNow,#ChetcoBarFire#saveus#thankyoufirefighters,Operational Coordination,"Solidarity, prayer, and gratitude",Gratitude/Appreciation,Fire status and operations,Firefighting Operations and Crew Deployment,Engaged/Observational,Operational Response and Resources
chetco-bar,tomascalvanese,Redfish Rocks through the smoky haze from the Chetco Bar fire. Thanks to all the brave firefighters and those helping. Be safe everyone! https://t.co/xjM6x4OGig,Smoke / Air Quality,"Solidarity, prayer, and gratitude",Gratitude/Appreciation,Community solidarity and appreciation,Smoke Exposure and Air Quality Monitoring,Grateful/Supportive,Smoke and Air Quality
chetco-bar,KimepeleMalia,#ChetcoBarFire #smoke #cantbreathe #summerfiresyuck https://t.co/6cOh3XlqgC,Smoke / Air Quality,Living with smoke and threat,Alarm/Distress,"Smoke, weather, and air quality",Smoke Exposure and Air Quality Monitoring,Informational/Neutral,Smoke and Air Quality
chetco-bar,pattyeckroth,We stayed home today because of unhealthy air due to Chetco Bar fire and others....!!!! Fire retardant overhead please!!!!!❗️🙏👀🍀🍀🍀🙏🙏🙏🍀🍀🍀👀,Smoke / Air Quality,Seeking visibility and official action,Alarm/Distress,Fire status and operations,Firefighting Operations and Crew Deployment,Grateful/Supportive,Operational Response and Resources
chetco-bar,backwoodshome,"My brilliant assistant, Jessie, is working with me, although she’s currently inhaling smoke from the Chetco Bar Fire. https://t.co/bwd9HLyxpa",Smoke / Air Quality,Living with smoke and threat,Alarm/Distress,"Smoke, weather, and air quality",Smoke Exposure and Air Quality Monitoring,Informational/Neutral,Smoke and Air Quality
chetco-bar,ewoksamongus,@SteffanySodden @kirstiealley Hope you're safe. Watching the smoke from Medford w/ #ChetcoBarFire and #ApplegateFire and all others is scary and we're 40mi from closest! https://t.co/e4jgG9RDOz,Smoke / Air Quality,,,,Smoke Exposure and Air Quality Monitoring,Engaged/Observational,Smoke and Air Quality
chetco-bar,ewoksamongus,@dsteakley @MPsLife @takeatoothbrush @CBS11JasonAllen @OmanReagan Tell that to the people in the #ChetcoBarFire evacuation area!,Evacuation,,,,Evacuation Orders and Displacement Experiences,Informational/Neutral,Evacuation and Area Closures
chetco-bar,socialsf,#aboveoregon #chetcobarfire #flyover #smoke #haze #clouds reaching #flightlevel of #12000ft… https://t.co/jtjYo1S1eB,Smoke / Air Quality,Living with smoke and threat,Alarm/Distress,"Smoke, weather, and air quality",Smoke Exposure and Air Quality Monitoring,Informational/Neutral,Smoke and Air Quality
chetco-bar,iJakeReyna,"@jakejakeny Oil, flooding and fire, oh my! It's smoky in our neck of the woods, but it could be worse. https://t.co/ermj8eGLHy",Smoke / Air Quality,,,,Media Amplification and Information Gaps,Informational/Neutral,Media and Information Sharing
chetco-bar,iJakeReyna,https://t.co/ermj8eGLHy,Fire Progression,,,,Media Amplification and Information Gaps,Informational/Neutral,Media and Information Sharing
chetco-bar,rasta_daddy,Be safe So. OR friends! https://t.co/QnhDp7etax,Fire Progression,"Solidarity, prayer, and gratitude",Hope/Reassurance,Personal experience and disruption,Firefighting Operations and Crew Deployment,Informational/Neutral,Operational Response and Resources
chetco-bar,HailTheFlatTail,@SecretarySonny @USDA Resources wouldn't be tied up in Chetco Bar fire had the fire been dealt with in late June or early July. Let it burn in action.,Operational Coordination,,,,Firefighting Operations and Crew Deployment,Informational/Neutral,Operational Response and Resources
chetco-bar,JenLRichardson7,The smoke is thick in the valley from all of the wildfires. Air quality is deemed unhealthy. @KEZI9 #ChetcoBarFire https://t.co/znjulJ6xfW,Smoke / Air Quality,Living with smoke and threat,Alarm/Distress,"Smoke, weather, and air quality",Smoke Exposure and Air Quality Monitoring,Informational/Neutral,Smoke and Air Quality
chetco-bar,topsecretgunner,@KEZIJen @KEZI9 Why is this fire not being fought with bombers from the air like they do in Northern California?  #ChetcoBarFire,Fire Progression,,,,Tracking Fire Scale and Containment Progress,Informational/Neutral,Fire Behavior and Status
chetco-bar,ElizabethMeadow,While #hurricaneharvey2017 floods #Houston the town of #brookingsoregon #burns #ChetcoBarFire @FoxNews @POTUS @foxandfriends @seanhannity https://t.co/bAL6tRXN48,Public Accountability,Evacuation and immediate disruption,Neutral/Informational,Fire status and operations,Media Amplification and Information Gaps,Informational/Neutral,Media and Information Sharing
chetco-bar,WayneWsharpe,Chetco Bar Fire Burning Near Brookings Approaches 'Megafire' Status https://t.co/3kazZA4Y26,Fire Progression,Living with smoke and threat,Neutral/Informational,Fire status and operations,Tracking Fire Scale and Containment Progress,Informational/Neutral,Fire Behavior and Status
chetco-bar,topsecretgunner,@OregonGovBrown Where is the fleet of air bombers to knock out this fire?  Faster and less risk to ground based fire fighters.  #ChetcoBarFire,Fire Progression,,,,Tracking Fire Scale and Containment Progress,Distressed/Urgent,Fire Behavior and Status
chetco-bar,bonbon823,Please also remember that the Chetco Bar Fire is still a MAJOR fire &amp; they could use help &amp; prayers. https://t.co/bPKaH3i16Y,Fire Progression,Seeking visibility and official action,Alarm/Distress,"Requests, donations, and aid","Community Solidarity, Prayer, and Emotional Bonds",Grateful/Supportive,Media and Information Sharing
chetco-bar,kdawgswift,To my #HSFBCoaches brethren in Texas &amp; SW Oregon dealing natural disasters  #Harvey2017 &amp; #ChetcoBarFire Keep your family &amp; communities safe https://t.co/fMB3k689cX,Fire Progression,,,,Media Amplification and Information Gaps,Distressed/Urgent,Media and Information Sharing
chetco-bar,tomailakai,"Chetco Bar Fire - Regional Wildfire Map | Fire, Weather &amp; Avalanche Center https://t.co/KlYVLKroz3",Geospatial Mapping,,,,"Situational Maps, Photos, and Visual Briefings",Informational/Neutral,Media and Information Sharing
chetco-bar,ElizabethMeadow,I haven't seen the sun in #weeks #smokefromfire #ChetcoBarFire #millercomplexfire #oregonisonfire @repgregwalden @mailtribune @DeckerWatson,Smoke / Air Quality,Living with smoke and threat,Alarm/Distress,"Smoke, weather, and air quality",Smoke Exposure and Air Quality Monitoring,Informational/Neutral,Smoke and Air Quality
chetco-bar,SJ_Eblen,Yesterday was very smoky along the SW OR Coast.  Photos show smoky air at noon Sunday and clearing at 8:45 pm  #ChetcoBarFire https://t.co/1Xki48BMzv,Smoke / Air Quality,Seeking visibility and official action,Anger/Blame,Fire status and operations,Environmental Observation and Fire Spectacle,Engaged/Observational,Situational Awareness and Mapping
chetco-bar,SJ_Eblen,The air monitors place in Harbor (just outside Brookings) has recorded readings as high as 850 ug/m3. Keeps failing.  #ChetcoBarFire,Public Accountability,Seeking visibility and official action,Neutral/Informational,Fire status and operations,"Personal Safety, Proximity, and Local Threat",Informational/Neutral,Personal Experience and Community Impact
chetco-bar,novots34,usually you can see some hills on the other side of those trees. #ChetcoBarFire smoke makes its way here. https://t.co/2LhPNnG90f,Smoke / Air Quality,Living with smoke and threat,Alarm/Distress,"Smoke, weather, and air quality",Smoke Exposure and Air Quality Monitoring,Engaged/Observational,Smoke and Air Quality
chetco-bar,pcta,Unbelievable https://t.co/FwEzcWVWXe #ChetcoBarFire,Fire Progression,Seeking visibility and official action,Neutral/Informational,Fire status and operations,Media Amplification and Information Gaps,Informational/Neutral,Media and Information Sharing
chetco-bar,pcta,"@davidbriggspdx @POTUS @KateBrownForOR If I were an Oregonian in fires way, I'd feel abandoned by State and Fed gov today #ChetcoBarFire",Fire Progression,,,,Firefighting Operations and Crew Deployment,Informational/Neutral,Operational Response and Resources
chetco-bar,coachgonzojr,"80+ student-athletes, coaches, and volunteers this morning! #TeamBrookingsHarbor #ChetcoBarFire https://t.co/IrOW9qE8UM",Fire Progression,Seeking visibility and official action,Neutral/Informational,Fire status and operations,"Personal Safety, Proximity, and Local Threat",Informational/Neutral,Media and Information Sharing
chetco-bar,davidmeyers2858,"Chetco Bar Fire larger than the City of Portland

(Via KOIN) https://t.co/3iW0NIjDxg",Fire Progression,Seeking visibility and official action,Neutral/Informational,Fire status and operations,Media Amplification and Information Gaps,Informational/Neutral,Media and Information Sharing
chetco-bar,slverkriss,"This is what the Chetco Bar fire looks like from Brooking, OR. It is still 0% contained. :-( https://t.co/3LUNr23sPV",Fire Progression,Seeking visibility and official action,Hope/Reassurance,Fire status and operations,Tracking Fire Scale and Containment Progress,Informational/Neutral,Fire Behavior and Status
chetco-bar,RoverDov123,"Dallas is dealing with a hurricane,
we're dealing with a very bad fire that
burned an estimated 107,933 acres. https://t.co/xUi2HJihUs",Fire Progression,Seeking visibility and official action,Neutral/Informational,Fire status and operations,Tracking Fire Scale and Containment Progress,Informational/Neutral,Fire Behavior and Status
chetco-bar,RoverDov123,#ChetcoBarFire https://t.co/32VNL8s6yL,Fire Progression,Seeking visibility and official action,Neutral/Informational,Fire status and operations,Media Amplification and Information Gaps,Informational/Neutral,Media and Information Sharing
chetco-bar,RoverDov123,@Bryan_Duncan My prayers also to Brookings Oregon that had the vacuate the whole town due to the fire. #ChetcoBarFire,Community Solidarity,,,,"Personal Safety, Proximity, and Local Threat",Grateful/Supportive,Personal Experience and Community Impact
chetco-bar,RoverDov123,@MTCrimeBeat Any recent news/updates on the #ChetcoBarFire ?,Public Accountability,,,,Media Amplification and Information Gaps,Informational/Neutral,Media and Information Sharing
chetco-bar,SteffanySodden,#ChetcoBarFire still not trending. We are important too. #BrookingsMatters,Fire Progression,Seeking visibility and official action,Anger/Blame,Fire status and operations,"Personal Safety, Proximity, and Local Threat",Informational/Neutral,Personal Experience and Community Impact
chetco-bar,SteffanySodden,@CBSNews @nancycordes Please talk about #ChetcoBarFire. #BrookingsMatters,Public Accountability,,,,Media Amplification and Information Gaps,Concerned/Anxious,Media and Information Sharing
chetco-bar,topsecretgunner,@NBCNews @tedcruz If only Oregon could get that same conversation regarding the #ChetcoBarFire   Which Oregon Senator will make the call? Need Borate Bombers.,Public Accountability,,,,Media Amplification and Information Gaps,Informational/Neutral,Media and Information Sharing
chetco-bar,JeedBe,Chetco Bar Fire #Wildfire..Evacuation Area Re-entry Plan:“ADDITIONAL AREA” https://t.co/TsoSgVFcGn #Oregon #Evacuation #Return #Smoke,Evacuation,Evacuation and immediate disruption,Alarm/Distress,Evacuation and public safety,Evacuation Orders and Displacement Experiences,Informational/Neutral,Evacuation and Area Closures
chetco-bar,ewoksamongus,#ChetcoBarFire #CantBreathe #100DaysOfSummer  #OregonFires https://t.co/zchFaWhNRc,Fire Progression,Seeking visibility and official action,Alarm/Distress,"Smoke, weather, and air quality",Media Amplification and Information Gaps,Informational/Neutral,Media and Information Sharing
chetco-bar,AieLeQuebecois,"#ChetcoBarFire  grows to 117,000 acres, but doesnt move closer to Brookings https://t.co/XjBbykU26Y",Fire Progression,Seeking visibility and official action,Neutral/Informational,Fire status and operations,Tracking Fire Scale and Containment Progress,Informational/Neutral,Fire Behavior and Status
chetco-bar,garden__honey,#wildfires #PNW #smoke air quality has turned unhealthy https://t.co/xKE1rEpMfv https://t.co/1D1R8BW2cx,Smoke / Air Quality,Living with smoke and threat,Alarm/Distress,"Smoke, weather, and air quality",Smoke Exposure and Air Quality Monitoring,Informational/Neutral,Smoke and Air Quality
chetco-bar,ewoksamongus,#ChetcoBarFire #CantBreathe https://t.co/1Go22LBFXM,Fire Progression,Seeking visibility and official action,Alarm/Distress,"Smoke, weather, and air quality",Media Amplification and Information Gaps,Informational/Neutral,Media and Information Sharing
chetco-bar,ewoksamongus,#ChetcoBarFire #OregonIsBurning https://t.co/1FEucKRYk4,Fire Progression,Living with smoke and threat,Neutral/Informational,Fire status and operations,Tracking Fire Scale and Containment Progress,Informational/Neutral,Fire Behavior and Status
chetco-bar,ewoksamongus,#ChetcoBarFire https://t.co/CP0wb2p8kf,Fire Progression,Seeking visibility and official action,Neutral/Informational,Fire status and operations,Media Amplification and Information Gaps,Informational/Neutral,Media and Information Sharing
chetco-bar,RoverDov123,"@SteffanySodden I agree with you, we don't get enough news coverage #ChetcoBarFire",Public Accountability,,,,Media Amplification and Information Gaps,Informational/Neutral,Media and Information Sharing
chetco-bar,ewoksamongus,@Vandalkat11 I won't either! unhealthy to very unhealthy in our neck of the woods! #CantBreathe #ChetcoBarFire #MillerComplex,Smoke / Air Quality,,,,Smoke Exposure and Air Quality Monitoring,Informational/Neutral,Smoke and Air Quality
chetco-bar,RoverDov123,My prayers with the families in #BrookingsOregon that have to leave their homes because of the #ChetcoBarFire https://t.co/atR7ps8KjZ,Community Solidarity,Evacuation and immediate disruption,Alarm/Distress,Community solidarity and appreciation,Evacuation Orders and Displacement Experiences,Grateful/Supportive,Media and Information Sharing
chetco-bar,punkador,#OregonIsBurning #ChetcoBarFire https://t.co/myMzBxHRuG,Fire Progression,Living with smoke and threat,Neutral/Informational,Fire status and operations,Tracking Fire Scale and Containment Progress,Informational/Neutral,Fire Behavior and Status
chetco-bar,KryceksAngel,"@wwe how about spreading the word on this
https://t.co/f9OL0CeOOI",Fire Progression,,,,Tracking Fire Scale and Containment Progress,Informational/Neutral,Fire Behavior and Status
chetco-bar,ktelaro,What is up with mother nature right now? My home is threatened by a forest fire and now Texas under water! #ChetcoBarFire #HurricaneHarvey https://t.co/kE9Lr65SDb,Fire Progression,Living with smoke and threat,Alarm/Distress,Personal experience and disruption,"Personal Safety, Proximity, and Local Threat",Concerned/Anxious,Media and Information Sharing
chetco-bar,GunderBathgate,2) Wildfire still very active near my sister's town of Brookings. https://t.co/4lwFNbJ9T7,Fire Progression,Evacuation and immediate disruption,Neutral/Informational,Fire status and operations,"Personal Safety, Proximity, and Local Threat",Concerned/Anxious,Media and Information Sharing
chetco-bar,siskiyougal,Students help crews fighting Chetco Bar Fire https://t.co/5X9KAQMPvU,Operational Coordination,Seeking visibility and official action,Alarm/Distress,Fire status and operations,Firefighting Operations and Crew Deployment,Informational/Neutral,Operational Response and Resources
chetco-bar,WC_westcoast,"@davidbriggspdx Dave, my friend is a Grants Pass firefighter &amp; he's working the Chetco Bar Fire. Tonight he's in Brookings sleeping in his car, exhausted 💝",Operational Coordination,,,,"Personal Safety, Proximity, and Local Threat",Informational/Neutral,Personal Experience and Community Impact
chetco-bar,RoverDov123,@Markgubicza @Heandog8 @Machete1224 @VictorRojas @Angels  #LTBU #ChetcoBarFire #HurricaneHarvey https://t.co/bOKrAJv7Jk,Fire Progression,,,,Media Amplification and Information Gaps,Informational/Neutral,Media and Information Sharing
chetco-bar,JasmineMarie94,Yeesssss #ChetcoBarFire https://t.co/ETJJw2z6Yz,Fire Progression,Seeking visibility and official action,Neutral/Informational,Fire status and operations,Media Amplification and Information Gaps,Informational/Neutral,Media and Information Sharing
chetco-bar,DoriCreates,"Burning now, 60 miles away, is the Chetco Bar Fire. A #monster. The largest forest #fire in the US at the moment. Fire fighters on way🙏🏼",Community Solidarity,Living with smoke and threat,Anger/Blame,Fire status and operations,Tracking Fire Scale and Containment Progress,Grateful/Supportive,Fire Behavior and Status
chetco-bar,pimpmytattoo,We got moisture in the ait..    #chetcobarfire  prayers are being heard.. @ Pistol River State… https://t.co/DmUF1q63na,Community Solidarity,"Solidarity, prayer, and gratitude",Alarm/Distress,Community solidarity and appreciation,"Community Solidarity, Prayer, and Emotional Bonds",Grateful/Supportive,Weather and Environmental Conditions
chetco-bar,ewoksamongus,#OregonIsBurning #ChetcoBarFire https://t.co/Rp2TEUljkT,Fire Progression,Living with smoke and threat,Neutral/Informational,Fire status and operations,Tracking Fire Scale and Containment Progress,Informational/Neutral,Fire Behavior and Status
chetco-bar,ewoksamongus,@CalDisasters Medford is drowning in smoke. Air quality Unhealthy. Grants Pass is Very Unhealthy. Next step is Hazardous. #ChetcoBarFire,Smoke / Air Quality,,,,Smoke Exposure and Air Quality Monitoring,Distressed/Urgent,Smoke and Air Quality
chetco-bar,martinls0030,The latest Future Farmer! https://t.co/IsLZ9jiALg #chetcobarfire #wholesale,Fire Progression,Seeking visibility and official action,Neutral/Informational,Fire status and operations,Media Amplification and Information Gaps,Informational/Neutral,Media and Information Sharing
chetco-bar,HillaryOstlund,Just gave fire fighters some beers through the #ChetcoBarFire donation program through @ChetcoBrew. Thank you and thoughts are with you! https://t.co/qi2tAPjGZY,Community Solidarity,"Solidarity, prayer, and gratitude",Gratitude/Appreciation,"Requests, donations, and aid","Community Solidarity, Prayer, and Emotional Bonds",Grateful/Supportive,Media and Information Sharing
chetco-bar,TheWildLifeOV,@forestservice. When this started it was 1/4 acre and USFS did NOTHING to put it out! #Trump needs to clean house. https://t.co/26FtzonALY,Public Accountability,,,,Media Amplification and Information Gaps,Frustrated/Critical,Media and Information Sharing
chetco-bar,RunBurt,Morning sun through the smoke from the Chetco Bar Fire. https://t.co/4fOIMY8ZWN,Smoke / Air Quality,Living with smoke and threat,Alarm/Distress,"Smoke, weather, and air quality",Smoke Exposure and Air Quality Monitoring,Informational/Neutral,Smoke and Air Quality
chetco-bar,TheWildLifeOV,When this started it was 1/4 acre and US Forest service did NOTHING to put it out. Our wild areas are now GUTTED! https://t.co/26FtzonALY,Fire Progression,Seeking visibility and official action,Anger/Blame,Media and political accountability,Media Amplification and Information Gaps,Informational/Neutral,Media and Information Sharing
chetco-bar,TheWildLifeOV,President #Trump needs to FIRE the head of US Forest Service &amp; all other USFS cronies. They are arsonists! https://t.co/26FtzonALY,Public Accountability,Seeking visibility and official action,Anger/Blame,Media and political accountability,Media Amplification and Information Gaps,Frustrated/Critical,Media and Information Sharing
chetco-bar,TheWildLifeOV,#Arrest the arsonists at the US #forestservice for LETTING THIS MONSTER BURN! INTENTIONALLY! https://t.co/26FtzonALY #whitehouse #trump,Public Accountability,Seeking visibility and official action,Anger/Blame,Media and political accountability,Media Amplification and Information Gaps,Frustrated/Critical,Media and Information Sharing
chetco-bar,OllieNYankees,Thoughts and prayers to those affected by the Chetco Bar Fire in Oregon &amp; the 1000s fighting it. Thanks for helping to keep my Mom safe.,Community Solidarity,"Solidarity, prayer, and gratitude",Alarm/Distress,Community solidarity and appreciation,"Community Solidarity, Prayer, and Emotional Bonds",Grateful/Supportive,Fire Behavior and Status
chetco-bar,MysticalMiMi95,Smoky but beautiful.#Oregon #ChetcoBarFire https://t.co/Ae24HwDbFc,Smoke / Air Quality,Seeking visibility and official action,Neutral/Informational,Fire status and operations,Media Amplification and Information Gaps,Informational/Neutral,Media and Information Sharing
chetco-bar,JeedBe,"Praise firefighters""#ChetcoBarFire in #SWOregon..Engine crew's escape route cut off..takes refuge..burned area"" https://t.co/6RcsVDDpkx #p2",Operational Coordination,"Solidarity, prayer, and gratitude",Neutral/Informational,Fire status and operations,Firefighting Operations and Crew Deployment,Informational/Neutral,Operational Response and Resources
chetco-bar,RoseMantle,"Wildfire threat to Brookings eases, but increases to the northwest and south; https://t.co/ydHrDudf3B #ChetcoBarFire #ChetcoStrong",Fire Progression,Living with smoke and threat,Alarm/Distress,Community solidarity and appreciation,"Personal Safety, Proximity, and Local Threat",Informational/Neutral,Media and Information Sharing
chetco-bar,IceArtz,"For those of you unaware, the entire state of Oregon is under smoke and ash due to the Chetco Bar Fire. It's currently the largest -",Smoke / Air Quality,Living with smoke and threat,Alarm/Distress,"Smoke, weather, and air quality",Smoke Exposure and Air Quality Monitoring,Engaged/Observational,Smoke and Air Quality
chetco-bar,Nat_Estrada44,"In #Oregan, the #ChetcoBarFire grows to 117K acres but doesn't get closer to #Brookings. Check out the status here: https://t.co/r2hK6mVdl8",Fire Progression,Seeking visibility and official action,Neutral/Informational,Fire status and operations,Tracking Fire Scale and Containment Progress,Informational/Neutral,Media and Information Sharing
chetco-bar,topsecretgunner,@R5_Fire_News Send them a Borate Bomber too please!   #ChetcoBarFire,Public Accountability,,,,Media Amplification and Information Gaps,Concerned/Anxious,Media and Information Sharing
chetco-bar,webchickbot,Chetco Bar Fire Update: A World War II Site Under Threat And Pay-It-Forward Beers https://t.co/fTe1WYmrox,Fire Progression,Living with smoke and threat,Alarm/Distress,Fire status and operations,Tracking Fire Scale and Containment Progress,Informational/Neutral,Media and Information Sharing
chetco-bar,BobCross20,#ChetcoBarFire well if our state government wasn't so stupid and desided to go sanctuary state they might get fed help,Fire Progression,Seeking visibility and official action,Alarm/Distress,"Requests, donations, and aid",Firefighting Operations and Crew Deployment,Informational/Neutral,Operational Response and Resources
chetco-bar,JenneyFreeman,Tuesday August 29th chetco bar fire https://t.co/4oRltKpWQP,Fire Progression,Seeking visibility and official action,Neutral/Informational,Fire status and operations,Media Amplification and Information Gaps,Informational/Neutral,Media and Information Sharing
chetco-bar,AdineHickey,Chetco Bar Fire now 'top priority' wildfire in US https://t.co/Gg9ZTl4GSY,Fire Progression,Seeking visibility and official action,Anger/Blame,Fire status and operations,Media Amplification and Information Gaps,Informational/Neutral,Media and Information Sharing
chetco-bar,TheWildLifeOV,FIRE ON THE MOUNTAIN: U.S. Forest Service Creates Oregon Inferno https://t.co/XST1RMuFdu via @YouTube #ChetcoBarFire #Oregon,Fire Progression,Seeking visibility and official action,Anger/Blame,Media and political accountability,Media Amplification and Information Gaps,Informational/Neutral,Media and Information Sharing
chetco-bar,kennethrlewis,FIRE ON THE MOUNTAIN: U.S. Forest Service Creates Oregon Inferno https://t.co/HU3EyQM3dX via @YouTube #ChetcoBarFire #Oregon,Fire Progression,Seeking visibility and official action,Anger/Blame,Media and political accountability,Media Amplification and Information Gaps,Informational/Neutral,Media and Information Sharing
chetco-bar,NoXtinction,NoXtinction invades Oregon! #noxtinction #nox #savethesea #chetcobar #oregon #conservation… https://t.co/MjiAlicY2X,Fire Progression,Seeking visibility and official action,Anger/Blame,Fire status and operations,Media Amplification and Information Gaps,Informational/Neutral,Media and Information Sharing
chetco-bar,Ms_K_Low,"Weather gods, please move rain away from the south (they've had more than enough) &amp; dump on these Oregon wildfires. #ChetcoBar #millifire",Fire Progression,Seeking visibility and official action,Alarm/Distress,"Smoke, weather, and air quality","Personal Safety, Proximity, and Local Threat",Concerned/Anxious,Weather and Environmental Conditions
chetco-bar,erint48,"If only we could gey the #water from #hurricaneharvey over to the #ChetcoBarFire .  #solvingproblems
#makeithappen 
#2birds1stone",Fire Progression,Seeking visibility and official action,Neutral/Informational,Fire status and operations,Tracking Fire Scale and Containment Progress,Informational/Neutral,Fire Behavior and Status
chetco-bar,CreateSuccess,Prayers up!! ❤❤ https://t.co/nLui36Pb7d,Community Solidarity,"Solidarity, prayer, and gratitude",Alarm/Distress,Community solidarity and appreciation,"Community Solidarity, Prayer, and Emotional Bonds",Informational/Neutral,Media and Information Sharing
chetco-bar,Marley561,The smoke where I live has gotten so bad from this #ChetcoBarFire I haven't seen the sky in awhile the smokes so thick!😷 https://t.co/p6EPQmTfNS,Smoke / Air Quality,Living with smoke and threat,Alarm/Distress,"Smoke, weather, and air quality",Smoke Exposure and Air Quality Monitoring,Engaged/Observational,Smoke and Air Quality
chetco-bar,jeepguy_1978,@Adr3y_ I'm originally from So Oregon.  I have been watching the Chetco Bar fire.   I have friends in Brookings.,Fire Progression,,,,"Personal Safety, Proximity, and Local Threat",Engaged/Observational,Personal Experience and Community Impact
chetco-bar,RoverDov123,@davidbriggspdx We have around 17 fires going on in Oregon but #ChetcoBarFire is the worst. https://t.co/BTQTRrBujV,Fire Progression,,,,Media Amplification and Information Gaps,Informational/Neutral,Media and Information Sharing
chetco-bar,martinls0030,The latest Future Farmer! https://t.co/4jD0qJl93r #umpquanorthcomplex #chetcobarfire,Fire Progression,Seeking visibility and official action,Anger/Blame,Fire status and operations,Media Amplification and Information Gaps,Informational/Neutral,Media and Information Sharing
chetco-bar,MarilynM,#ChetcoBarFire at 125K+ acres and only 5% contained...not even making news: https://t.co/Mfox8vukXF #wildfire #Oregon,Fire Progression,Seeking visibility and official action,Neutral/Informational,Fire status and operations,Tracking Fire Scale and Containment Progress,Informational/Neutral,Fire Behavior and Status
chetco-bar,BBustinPatriot,"#ChetcoBarFire gets no mention by the national media, but they complain about @FLOTUS shoes?! https://t.co/ZwHLQSU1D7",Public Accountability,Seeking visibility and official action,Anger/Blame,Media and political accountability,Media Amplification and Information Gaps,Informational/Neutral,Media and Information Sharing
chetco-bar,SkepticalBeans,@Reuters Somehow the rapidly moving Chetco Bar fire in southwestern Oregon that was threatening an entire town didn't get a mention.,Fire Progression,,,,Media Amplification and Information Gaps,Informational/Neutral,Media and Information Sharing
chetco-bar,barttels2,"@RyanPfeil @reporterDM People around Chetco Bar are near purple apoplectic over original ""management"" that led to this inferno.",Fire Progression,,,,Media Amplification and Information Gaps,Informational/Neutral,Media and Information Sharing
chetco-bar,RicksOpinion,Task Force returns from Chetco Bar Fire https://t.co/kr1ZFFh8f8,Fire Progression,Seeking visibility and official action,Neutral/Informational,Fire status and operations,Media Amplification and Information Gaps,Informational/Neutral,Media and Information Sharing
chetco-bar,virgoberries_,@XochilValentine How close is the chetco bar fire to you?,Fire Progression,,,,Tracking Fire Scale and Containment Progress,Informational/Neutral,Fire Behavior and Status
chetco-bar,martinls0030,The latest Future Farmer! https://t.co/4jD0qJl93r #chetcobarfire,Fire Progression,Seeking visibility and official action,Neutral/Informational,Fire status and operations,Media Amplification and Information Gaps,Informational/Neutral,Media and Information Sharing
chetco-bar,TalkHasIt,"On The Scene Near The Chetco Bar Fire: A World War II Site Under Threat And #PayItForward18, https://t.co/P40kkRpQGw https://t.co/p1fmpSW2e4",Fire Progression,Living with smoke and threat,Alarm/Distress,Fire status and operations,Media Amplification and Information Gaps,Informational/Neutral,Media and Information Sharing
chetco-bar,Ms_K_Low,#oregonwildfires #millifire #ChetcoBarFire #centraloregon https://t.co/StrGvTrC1L,Fire Progression,Seeking visibility and official action,Neutral/Informational,Fire status and operations,Media Amplification and Information Gaps,Informational/Neutral,Media and Information Sharing
chetco-bar,jillianvargas34,@SenSanders There is also the big #ChetcoBarFire,Fire Progression,,,,Tracking Fire Scale and Containment Progress,Engaged/Observational,Fire Behavior and Status
chetco-bar,EldawenEmileia,"@PeterHollens I knowwwww, it's the worst! I'm in Southern OR and I'm pretty sure our unhealthy air is largely courtesy of the Chetco Bar fire.",Smoke / Air Quality,,,,Smoke Exposure and Air Quality Monitoring,Informational/Neutral,Smoke and Air Quality
chetco-bar,CurlzandSwirlz,Chetco Bar Fire spreads to Josephine County https://t.co/jTdvGtzJ8u,Fire Progression,Seeking visibility and official action,Neutral/Informational,Fire status and operations,Tracking Fire Scale and Containment Progress,Informational/Neutral,Fire Behavior and Status
chetco-bar,HumanistiX,125 National Guard members sent to fight Chetco Bar Wildfire in S. Oregon https://t.co/taWkicRAWX,Fire Progression,Seeking visibility and official action,Neutral/Informational,Fire status and operations,Media Amplification and Information Gaps,Informational/Neutral,Media and Information Sharing
chetco-bar,jillianvargas34,#ChetcoBarFire #brookingsoregon https://t.co/VRDhLWWnTs,Fire Progression,Seeking visibility and official action,Neutral/Informational,Fire status and operations,"Personal Safety, Proximity, and Local Threat",Informational/Neutral,Media and Information Sharing
chetco-bar,AMHalford,"Smoke is moving back in.
#PrayforOregon
#ChetcoBarFire https://t.co/gzEtf9hWQo",Smoke / Air Quality,Living with smoke and threat,Alarm/Distress,"Smoke, weather, and air quality",Smoke Exposure and Air Quality Monitoring,Informational/Neutral,Smoke and Air Quality
chetco-bar,barttels2,"@keith_giles Florence north.

Chetco Bar –  the worst fire in the country – is on the southern coast.",Fire Progression,,,,Tracking Fire Scale and Containment Progress,Informational/Neutral,Fire Behavior and Status
chetco-bar,LeatherMystics,#ChetcoBarFire headed straight for us gaining speed and momentum and triple-digit temperatures the rest of the week,Fire Progression,Seeking visibility and official action,Neutral/Informational,Fire status and operations,"Personal Safety, Proximity, and Local Threat",Informational/Neutral,Weather and Environmental Conditions
chetco-bar,Pyperline,@@SecretaryZinke #CHETCOBARFIRE   IN Oregon - Is Incident Command doing everything they can.  Lives at risk.  Homes lost.,Operational Coordination,,,,Firefighting Operations and Crew Deployment,Informational/Neutral,Operational Response and Resources
chetco-bar,JadeMahoney,"Chetco Bar Fire grows to 117,000 acres, but doesn’t move closer to Brookings https://t.co/ZmCxR8OUfh",Fire Progression,Seeking visibility and official action,Neutral/Informational,Fire status and operations,Tracking Fire Scale and Containment Progress,Informational/Neutral,Fire Behavior and Status
chetco-bar,malloryinag,Oregon is on fire (again) this summer which is frustrating bc it doesn't have to be this bad. #ChetcoBarFire #NenaSprings #CinderButte 🔥🌲🔥🌲🔥 https://t.co/3EYWYBF0OL,Fire Progression,Seeking visibility and official action,Alarm/Distress,Fire status and operations,Media Amplification and Information Gaps,Frustrated/Critical,Media and Information Sharing
chetco-bar,Ms_K_Low,Raise your hand if the #wildfire  smoke is making you ill! 🙌 #millifire #ChetcoBarFire #oregonisburning #centraloregon,Smoke / Air Quality,Living with smoke and threat,Alarm/Distress,"Smoke, weather, and air quality",Tracking Fire Scale and Containment Progress,Grateful/Supportive,Fire Behavior and Status
chetco-bar,dblclutch40,@KateBrownForOR get that global tanker on board NOW!   Or I will not Vote for you at all!   Put the Chetco Bar out now!  Call the PLANE!,Operational Coordination,,,,Firefighting Operations and Crew Deployment,Informational/Neutral,Operational Response and Resources
chetco-bar,raindogtweets,The good news is: the helicopters have been working the fire all day... the bad news is: close enough to hear the choppers. #ChetcoBarFire,Operational Coordination,Seeking visibility and official action,Alarm/Distress,Fire status and operations,Firefighting Operations and Crew Deployment,Grateful/Supportive,Operational Response and Resources
chetco-bar,tmccormick,"this time as I entered the northern gate of California, the view was nothing but smoke, from #ChetcoBar #wildfire https://t.co/qi7w2wm50G https://t.co/9LGg6Vh04a",Smoke / Air Quality,Living with smoke and threat,Alarm/Distress,"Smoke, weather, and air quality",Smoke Exposure and Air Quality Monitoring,Informational/Neutral,Smoke and Air Quality
chetco-bar,ChewyBacca,Through the madness... Humanity finds a way. Thank you to everyone who is in their own way battling the inferno. #holdtheline #ChetcoBarFire https://t.co/9W64FfwXpE,Community Solidarity,"Solidarity, prayer, and gratitude",Anger/Blame,Fire status and operations,"Community Solidarity, Prayer, and Emotional Bonds",Grateful/Supportive,Media and Information Sharing
chetco-bar,GoddessAquasama,"@KTVL The Chetco Bar fire smoke plume from Gold Hill. Say, that fire is getting too close for comfort https://t.co/53RaMcbA87",Fire Progression,,,,Smoke Exposure and Air Quality Monitoring,Informational/Neutral,Media and Information Sharing
chetco-bar,teresamankin,"If you want to help the victims of the Chetco Bar Wildfire in SW OR,  sign up here: https://t.co/iMbfCoPtYg @RedCrossCasc needs you!",Fire Progression,Seeking visibility and official action,Alarm/Distress,"Requests, donations, and aid",Media Amplification and Information Gaps,Informational/Neutral,Media and Information Sharing
chetco-bar,RicksOpinion,"Chetco Bar Fire grows to 125,000 acres, mostly spreading in Kalmiopsis Wilderness https://t.co/FqDh1foOmg via @salem_statesman",Fire Progression,Seeking visibility and official action,Neutral/Informational,Fire status and operations,Tracking Fire Scale and Containment Progress,Informational/Neutral,Media and Information Sharing
chetco-bar,kurston1,#ChetcoBarFire. Where is that 747 tanker that our government apparently wont allow.,Operational Coordination,Seeking visibility and official action,Anger/Blame,Fire status and operations,Firefighting Operations and Crew Deployment,Informational/Neutral,Operational Response and Resources
chetco-bar,CurlzandSwirlz,Chetco Bar Fire Spreads to Josephine County https://t.co/vgkiMPdmFw,Fire Progression,Seeking visibility and official action,Neutral/Informational,Fire status and operations,Tracking Fire Scale and Containment Progress,Informational/Neutral,Fire Behavior and Status
chetco-bar,selmarose40,"I SAW THE SAME THING ON THE SOUTHERN OREGON COAST.. THE CHETCO BAR FIRE 126,000 ACRES.. WE NEEDED HELP AND THEY CAME.. GOD BLESS THE USA... https://t.co/2TqUqU4hGh",Fire Progression,Seeking visibility and official action,Neutral/Informational,Fire status and operations,Tracking Fire Scale and Containment Progress,Informational/Neutral,Personal Experience and Community Impact
chetco-bar,ineeshadvs,"Heat, Wind Could Mean Trouble For Oregon Wildfires https://t.co/4Dq6mQ8jNw https://t.co/TjqemTQZIO",Fire Progression,Seeking visibility and official action,Neutral/Informational,"Smoke, weather, and air quality","Personal Safety, Proximity, and Local Threat",Informational/Neutral,Weather and Environmental Conditions
chetco-bar,perpleckst,Wildfire season now is 30% above 10-year avg. Biggest is Chetco Bar fire in Oregon: https://t.co/bFELqpjc4i,Fire Progression,Seeking visibility and official action,Anger/Blame,Fire status and operations,Media Amplification and Information Gaps,Informational/Neutral,Media and Information Sharing
chetco-bar,raindogtweets,"Excessive heat forecasted for next 4 days... not good news for the crews, or containment. #ChetcoBarFire https://t.co/T4LK3VuSOt",Fire Progression,Seeking visibility and official action,Anger/Blame,Fire status and operations,Tracking Fire Scale and Containment Progress,Grateful/Supportive,Weather and Environmental Conditions
chetco-bar,_Ron_Swanson,@RRSNF Any hope in the near future for Chetco Bar to be put out? I live in GP with no a/c and have to breathe in this smoke every day.,Smoke / Air Quality,,,,Smoke Exposure and Air Quality Monitoring,Informational/Neutral,Smoke and Air Quality
chetco-bar,AltheaRizzo,Curry County Urges Residents To Opt-In Emergency Alert System Amid Chetco Bar Fire - https://t.co/Fg88sYYpOE #GoogleAlerts,Fire Progression,Seeking visibility and official action,Neutral/Informational,Evacuation and public safety,Media Amplification and Information Gaps,Distressed/Urgent,Media and Information Sharing
chetco-bar,actualbenprice,"@Quotron_Inc @MattWelch The Chetco Bar fire, plus a bunch of tiny ones, smoked out the WIllamette, Umpqua, and Shasta valleys last weekend",Smoke / Air Quality,,,,Smoke Exposure and Air Quality Monitoring,Informational/Neutral,Smoke and Air Quality
chetco-bar,CathiWilliamson,@RobinMeade wanted you know about a terrible fire threatening our little community for the last 2 weeks. It is called the Chetco Bar Fire.,Fire Progression,,,,Tracking Fire Scale and Containment Progress,Informational/Neutral,Fire Behavior and Status
chetco-bar,RoseMantle,https://t.co/a1wVQcA0Bd #ChetcoBarFire,Fire Progression,Seeking visibility and official action,Neutral/Informational,Fire status and operations,Media Amplification and Information Gaps,Informational/Neutral,Media and Information Sharing
chetco-bar,ldjranch,"#ChetcoBarFire fighters brace for hot, windy weather that could trigger extreme fire behavior  https://t.co/tmByfM0HeH",Fire Progression,Seeking visibility and official action,Neutral/Informational,"Smoke, weather, and air quality","Personal Safety, Proximity, and Local Threat",Informational/Neutral,Weather and Environmental Conditions
chetco-bar,TribalCompass,"Floods in the south, fires in the NW. 😢... https://t.co/UYRTgabSKL",Fire Progression,Seeking visibility and official action,Neutral/Informational,Fire status and operations,Media Amplification and Information Gaps,Informational/Neutral,Media and Information Sharing
chetco-bar,jillianvargas34,@nflnetwork @RamsNFL Thanks for supporting Texas . What about the #ChetcoBarFire ? Any help from you guys for people there?,Community Solidarity,,,,"Community Solidarity, Prayer, and Emotional Bonds",Grateful/Supportive,Fire Behavior and Status
chetco-bar,RetiredSurfman,#ChetcoBarFire #BrookingsOR #CurryCounty https://t.co/cXCdBdRnrC,Fire Progression,Seeking visibility and official action,Neutral/Informational,Fire status and operations,"Personal Safety, Proximity, and Local Threat",Informational/Neutral,Media and Information Sharing
chetco-bar,Whstlngfshpttry,Yep.  Still have smoke!  These are all from my walk this evening.  #chetcobarfire #smoke… https://t.co/lT73VaBzIT,Smoke / Air Quality,Living with smoke and threat,Alarm/Distress,"Smoke, weather, and air quality",Smoke Exposure and Air Quality Monitoring,Informational/Neutral,Smoke and Air Quality
chetco-bar,flaprilt,#chetcobarfire smoke is doing bizarre things to the sunset. I've never seen such alien looking… https://t.co/nGInn3ediV,Smoke / Air Quality,Living with smoke and threat,Alarm/Distress,"Smoke, weather, and air quality",Smoke Exposure and Air Quality Monitoring,Engaged/Observational,Smoke and Air Quality
chetco-bar,SJ_Eblen,Sunset through the smoke over the ocean 8/31/2017. #ChetcoBarFire https://t.co/2k8by6l04K,Smoke / Air Quality,Living with smoke and threat,Alarm/Distress,"Smoke, weather, and air quality",Smoke Exposure and Air Quality Monitoring,Engaged/Observational,Smoke and Air Quality
chetco-bar,biff_schulz,"The sun thru the smoke of the chetco bar fire in s.OR. 130,795 acres and 5% contained. 1700 firefighters and 150 guardsman,17 helicopters https://t.co/G9zczaSqJ3",Fire Progression,Living with smoke and threat,Neutral/Informational,Fire status and operations,Tracking Fire Scale and Containment Progress,Informational/Neutral,Fire Behavior and Status
chetco-bar,biff_schulz,Smoke from the chetco bAR Fire Over the pacific ocean. https://t.co/jGrkXbCzKi,Smoke / Air Quality,Living with smoke and threat,Alarm/Distress,"Smoke, weather, and air quality",Smoke Exposure and Air Quality Monitoring,Informational/Neutral,Smoke and Air Quality
chetco-bar,biff_schulz,Sun going down through the smoke of the chetco bar fire. https://t.co/qGTgN8X4dk,Smoke / Air Quality,Living with smoke and threat,Alarm/Distress,"Smoke, weather, and air quality",Smoke Exposure and Air Quality Monitoring,Informational/Neutral,Smoke and Air Quality
chetco-bar,biff_schulz,Smoke from the chetco bar fire. 130K plus acres charred. https://t.co/mE6GLp2iFr,Fire Progression,Living with smoke and threat,Neutral/Informational,Fire status and operations,Tracking Fire Scale and Containment Progress,Informational/Neutral,Fire Behavior and Status
chetco-bar,topsecretgunner,"California setting the example, can #ChetcoBarFire rise to the same standard? https://t.co/XqenLBPMqW",Fire Progression,Seeking visibility and official action,Alarm/Distress,Fire status and operations,Media Amplification and Information Gaps,Informational/Neutral,Media and Information Sharing
chetco-bar,RoverDov123,"My prayers does go out to Texas. Can others also say a prayer for Oregon too, we have really bad fires
#ChetcoBarFire #MillerComplex",Community Solidarity,"Solidarity, prayer, and gratitude",Alarm/Distress,Community solidarity and appreciation,Tracking Fire Scale and Containment Progress,Grateful/Supportive,Fire Behavior and Status
chetco-bar,RaptorArts,"@PolyarcGames Would love to find one but were stuck in Brookings oregon. 
Chetco Bar Fire is really bad. Were hunkering down an waiting it out..
&lt;3 mouse",Fire Progression,,,,"Personal Safety, Proximity, and Local Threat",Grateful/Supportive,Personal Experience and Community Impact
chetco-bar,Joey_Blaine,Smoke from #helenafire #chetcobarfire #orleanscomplex… https://t.co/PMa8XqAcBm,Smoke / Air Quality,Living with smoke and threat,Alarm/Distress,"Smoke, weather, and air quality",Smoke Exposure and Air Quality Monitoring,Informational/Neutral,Smoke and Air Quality
chetco-bar,rickwj9851,Chetco Bar Fire: Level 2 evacuation expanded to include all areas along Winchuck River Rd. https://t.co/Z9RyOoTGVX,Evacuation,Evacuation and immediate disruption,Alarm/Distress,Evacuation and public safety,Evacuation Orders and Displacement Experiences,Informational/Neutral,Evacuation and Area Closures
chetco-bar,TheCoolishMom,"More friends moved up to a Level 2 Evacuation last night, crazy smoky again this morning... 😷 https://t.co/f0Fzb1NMkr",Evacuation,Evacuation and immediate disruption,Alarm/Distress,Evacuation and public safety,Evacuation Orders and Displacement Experiences,Informational/Neutral,Evacuation and Area Closures
chetco-bar,Pierre_Markuse,#Wildfires 🔥 in #Oregon and #California #USA🇺🇸 31 Aug 2017 #Landsat 🛰️ #ChetcoBarFire Full-size and more: https://t.co/5IqDrkAjrV https://t.co/cPZowNWNAN,Fire Progression,Seeking visibility and official action,Neutral/Informational,Fire status and operations,Tracking Fire Scale and Containment Progress,Engaged/Observational,Media and Information Sharing
chetco-bar,Pierre_Markuse,@NASA_Landsat @NASAEarth @USGSLandsat @EODetective @CalDisasters @KDRV And here the same area with natural colors and thermal IR highlights. #wildfire #ChetcoBarFire #Landsat https://t.co/6Lx7a5DsM0,Fire Progression,,,,Media Amplification and Information Gaps,Distressed/Urgent,Media and Information Sharing
chetco-bar,coachgonzojr,La Grande is in the house! Representing the East Side... #ChetcoBarFire https://t.co/kgNUwSu2wv,Fire Progression,Seeking visibility and official action,Neutral/Informational,Fire status and operations,Media Amplification and Information Gaps,Informational/Neutral,Media and Information Sharing
chetco-bar,coachgonzojr,"The Warriors, Cubs, Vikings, Boomers, Blazers, and the entire Mt. Hood Conference helping the @BHHSBruins and South Coast #ChetcoBarFire https://t.co/xC8ZHicRMa",Fire Progression,Seeking visibility and official action,Alarm/Distress,"Requests, donations, and aid",Media Amplification and Information Gaps,Informational/Neutral,Media and Information Sharing
chetco-bar,lisade1255,Chetco Bar Fire: Level 2 evacuation expanded to include all areas along Winchuck River Rd. https://t.co/iN5YvyTGam,Evacuation,Evacuation and immediate disruption,Alarm/Distress,Evacuation and public safety,Evacuation Orders and Displacement Experiences,Informational/Neutral,Evacuation and Area Closures
chetco-bar,pimpmytattoo,Pretty bleak here with the #chetcobarfire smoke billowing and milling around. Think im getting a… https://t.co/wAd7I93lX2,Smoke / Air Quality,Living with smoke and threat,Alarm/Distress,"Smoke, weather, and air quality",Smoke Exposure and Air Quality Monitoring,Informational/Neutral,Smoke and Air Quality
chetco-bar,Brittanysc1999,Everything in gold beach has an orange hue from all the smoke 😔 #ChetcoBarFire,Smoke / Air Quality,Living with smoke and threat,Alarm/Distress,"Smoke, weather, and air quality",Smoke Exposure and Air Quality Monitoring,Informational/Neutral,Smoke and Air Quality
chetco-bar,koricometh,CHETCO BAR FIRE SEPTEMBER 1st 2017 | WINCHUCK RIVER ROAD: https://t.co/YXPTT8DFN4 via @YouTube,Fire Progression,Seeking visibility and official action,Neutral/Informational,Fire status and operations,Media Amplification and Information Gaps,Informational/Neutral,Media and Information Sharing
chetco-bar,HorseKrazyChick,Chetco Bar Fire Air Quality Update - September 1 (Chetco Bar Fire Wildfire) https://t.co/URaZawF815,Smoke / Air Quality,Living with smoke and threat,Neutral/Informational,Fire status and operations,Smoke Exposure and Air Quality Monitoring,Informational/Neutral,Smoke and Air Quality
chetco-bar,HorseKrazyChick,Mary Sparacino containment rumors are UNTRUE. https://t.co/TAT0vP6N3E,Fire Progression,Seeking visibility and official action,Anger/Blame,Fire status and operations,Tracking Fire Scale and Containment Progress,Informational/Neutral,Fire Behavior and Status
chetco-bar,ABKeuser,"All month, I've been silently worrying about the Chetco Bar fire.
For two reasons:",Fire Progression,Seeking visibility and official action,Alarm/Distress,Fire status and operations,Tracking Fire Scale and Containment Progress,Concerned/Anxious,Fire Behavior and Status
chetco-bar,kdawgswift,"Gold Beach Panthers @ Coquille Red Devils is ON! Panther followers, AQ is okay despite of #ChetcoBarFire  Let's play some football! https://t.co/F5mzfjSQzZ",Fire Progression,Seeking visibility and official action,Neutral/Informational,Fire status and operations,Media Amplification and Information Gaps,Informational/Neutral,Media and Information Sharing
chetco-bar,sexyfaithfulbo1,CHETCO BAR FIRE: Dramatic Smoky Skies https://t.co/dxErdEGQFK,Smoke / Air Quality,Seeking visibility and official action,Neutral/Informational,Fire status and operations,Media Amplification and Information Gaps,Informational/Neutral,Media and Information Sharing
chetco-bar,JEvansPrincipal,Sending thoughts and prayers to Brookings Harbor School District and their families who are still highly impacted by the Chetco Bar Fire.,Community Solidarity,"Solidarity, prayer, and gratitude",Alarm/Distress,Community solidarity and appreciation,"Personal Safety, Proximity, and Local Threat",Grateful/Supportive,Personal Experience and Community Impact
chetco-bar,msceejay517,Chetco Bar Fire: Level 2 evacuation expanded to include all areas along Winchuck River Rd. https://t.co/4bPIB0eAtI,Evacuation,Evacuation and immediate disruption,Alarm/Distress,Evacuation and public safety,Evacuation Orders and Displacement Experiences,Informational/Neutral,Evacuation and Area Closures
chetco-bar,InfoPasser,"#ChetcoBarFire has burned 130,000+ acres, has cost 100Million",Fire Progression,Seeking visibility and official action,Neutral/Informational,Fire status and operations,Tracking Fire Scale and Containment Progress,Informational/Neutral,Fire Behavior and Status
chetco-bar,DrkMtt3r,"@WeatherCenterHQ @ChaseAlert @aztlan327 RIGHT NOW: #ChetcoBarFire in #Oregon has burned over 130,000 acres, is largest in U.S. and receives virtually no media coverage.",Public Accountability,,,,Media Amplification and Information Gaps,Informational/Neutral,Weather and Environmental Conditions
chetco-bar,rhythmmaster,Chetco Bar Fire - AMAZING drone footage by Shane Stiles Photography https://t.co/13XTSa9eM0 via @YouTube,Geospatial Mapping,Seeking visibility and official action,Neutral/Informational,Fire status and operations,Environmental Observation and Fire Spectacle,Informational/Neutral,Media and Information Sharing
chetco-bar,Jaebeax,Before bed message. #chetcobarfire #smokey #fireupdate ##beforebedmessage https://t.co/LDujgrZ6zB,Smoke / Air Quality,Living with smoke and threat,Alarm/Distress,Fire status and operations,Smoke Exposure and Air Quality Monitoring,Informational/Neutral,Smoke and Air Quality
chetco-bar,gina_orr,Chetco Bar Fire Update - 09/02/2017 - Wild Coast Compass https://t.co/YfJg9LzwJi,Fire Progression,Sharing updates and resources,Neutral/Informational,Fire status and operations,Tracking Fire Scale and Containment Progress,Informational/Neutral,Media and Information Sharing
chetco-bar,InfoPasser,#ChetcoBarFire Horrible smoke here on the coast in So. Oregon. Visibility 50 ft.,Smoke / Air Quality,Living with smoke and threat,Alarm/Distress,"Smoke, weather, and air quality",Smoke Exposure and Air Quality Monitoring,Distressed/Urgent,Smoke and Air Quality
chetco-bar,RoseMantle,#ChetcoBarFire continues to rage; Winchuck River residents on alert as wildfire expands north and south of Brookings https://t.co/b0uqZE6oqY,Fire Progression,Seeking visibility and official action,Anger/Blame,Evacuation and public safety,"Personal Safety, Proximity, and Local Threat",Informational/Neutral,Media and Information Sharing
chetco-bar,RoseMantle,Oregon is feeling the burn 😔 #TheWestIsBurning #ChetcoBarFire https://t.co/7k54gAJYC0,Fire Progression,Living with smoke and threat,Neutral/Informational,Fire status and operations,Tracking Fire Scale and Containment Progress,Informational/Neutral,Fire Behavior and Status
chetco-bar,ForestDenizen,"Thompson Creek Bridge, tallest Oregon bridge &amp; Chetco Bar Fire. 8/30 it was 125, 271 acres, only 5% contained.
Photo: Billy Neros https://t.co/321BYa77Ys",Fire Progression,,,,Tracking Fire Scale and Containment Progress,Informational/Neutral,Fire Behavior and Status
chetco-bar,InfoPasser,@Kris_Sacrebleu I live on OR coast...Hot and extremely unhealthy air due to #ChetcoBar Fire,Smoke / Air Quality,,,,Smoke Exposure and Air Quality Monitoring,Informational/Neutral,Smoke and Air Quality
chetco-bar,MarkTveskov,Chetco Bar Fire https://t.co/O6TDkyvEGC,Fire Progression,Seeking visibility and official action,Neutral/Informational,Fire status and operations,Media Amplification and Information Gaps,Informational/Neutral,Media and Information Sharing
chetco-bar,SnodgrassAmanda,#ChetcoBarFire what an impressive fire! Shout out to all the crews who put their lives on the line for ALL!,Operational Coordination,Seeking visibility and official action,Neutral/Informational,Fire status and operations,Firefighting Operations and Crew Deployment,Informational/Neutral,Operational Response and Resources
chetco-bar,SnodgrassAmanda,"#ChetcoBarFire 138,212 acres. 10% contained. Not threatening Brookings. Rough terrain. Super smoky. Stay safe!",Fire Progression,Living with smoke and threat,Hope/Reassurance,Fire status and operations,Tracking Fire Scale and Containment Progress,Informational/Neutral,Fire Behavior and Status
chetco-bar,kevinredefined,"#Oregon #Wildfires still raging.

https://t.co/DlzyxHx6ln",Fire Progression,Seeking visibility and official action,Neutral/Informational,Fire status and operations,Media Amplification and Information Gaps,Informational/Neutral,Media and Information Sharing
chetco-bar,jamiemackenn,The chetco bar fire is so tragic but I am not complaining about all of the hot firefighters that are crawling around this place 👀,Fire Progression,"Solidarity, prayer, and gratitude",Anger/Blame,Fire status and operations,Firefighting Operations and Crew Deployment,Engaged/Observational,Operational Response and Resources
chetco-bar,Pyperline,Allowing the Chetco fire to expand is CRIMINAL @SecretaryZinke  #ChetcoBarFire The small fire cld have been put out. https://t.co/Isrsj16O80,Fire Progression,,,,Firefighting Operations and Crew Deployment,Informational/Neutral,Operational Response and Resources
chetco-bar,AdreanaInLB,The disconnect between how they voted and Trump policies seems lost on #MAGA Patriots.  Just look at @davidbriggspdx re #ChetcoBarFire https://t.co/kNnK11Ql2W,Public Accountability,Seeking visibility and official action,Neutral/Informational,Media and political accountability,Environmental Observation and Fire Spectacle,Frustrated/Critical,Media and Information Sharing
chetco-bar,kdawgswift,Despite #ChetcoBarFire fishing remains good on Rogue. Caught at 11 AM served at 7 PM Nothing like fishing in a Camp Fire 🔥 https://t.co/oLMGLNozf2,Fire Progression,Seeking visibility and official action,Anger/Blame,Fire status and operations,Media Amplification and Information Gaps,Engaged/Observational,Media and Information Sharing
chetco-bar,kdawgswift,LMAO heard of #ChetcoBarFire holy southwest of OR on Fire https://t.co/j4TwvHTRTz,Fire Progression,Seeking visibility and official action,Neutral/Informational,Fire status and operations,Media Amplification and Information Gaps,Informational/Neutral,Media and Information Sharing
chetco-bar,InfoPasser,#ChetcoBarFire  Sending best wishes to all the folks living in the dangerous smoke.,Smoke / Air Quality,Living with smoke and threat,Alarm/Distress,"Smoke, weather, and air quality",Smoke Exposure and Air Quality Monitoring,Distressed/Urgent,Smoke and Air Quality
chetco-bar,labreacock,Rip Oregon half their state is on fire and nobody is talking about it https://t.co/iSmSy9gcml,Fire Progression,Seeking visibility and official action,Anger/Blame,Fire status and operations,Media Amplification and Information Gaps,Informational/Neutral,Media and Information Sharing
chetco-bar,kristiewells,Thinking of the men and women risking their lives battling fires like #LaTunaFire and #ChetcoBarFire. Frightening. https://t.co/RoONpwbBOK,Community Solidarity,Seeking visibility and official action,Neutral/Informational,Community solidarity and appreciation,Media Amplification and Information Gaps,Informational/Neutral,Media and Information Sharing
chetco-bar,raindogtweets,"Don't mean to be insensitive to #Harvey affected folks, but we could use some rain... #ChetcoBarFire https://t.co/cUjHwktgfK",Fire Progression,Seeking visibility and official action,Hope/Reassurance,"Smoke, weather, and air quality","Personal Safety, Proximity, and Local Threat",Informational/Neutral,Weather and Environmental Conditions
chetco-bar,raindogtweets,"Little smokey out there... close to 143,000 acres lost now... 1600+ fighting this thing. Thank you, crews! #ChetcoBarFire https://t.co/nKWHJDv4P9",Fire Progression,Living with smoke and threat,Neutral/Informational,Fire status and operations,Tracking Fire Scale and Containment Progress,Informational/Neutral,Fire Behavior and Status
chetco-bar,anniedunn81,"https://t.co/pLwwX7kJXD Please rt Oregon coastal towns under threat of burning/140,000+ acres and no national news or help",Fire Progression,Seeking visibility and official action,Alarm/Distress,"Requests, donations, and aid",Tracking Fire Scale and Containment Progress,Informational/Neutral,Fire Behavior and Status
chetco-bar,MatthewWright7,Smoke grounds two National Guard helicopters going to fight Chetco Bar Fire https://t.co/3NuizdgpzD,Smoke / Air Quality,Living with smoke and threat,Alarm/Distress,Fire status and operations,Smoke Exposure and Air Quality Monitoring,Informational/Neutral,Smoke and Air Quality
chetco-bar,faustroll,"@DavidHerburger1 @Pyperline @SecretaryZinke @RealJamesWoods @usfs I'm sorry about that. This one, Chetco Bar, is very close to us, and we can hardly breathe right now. Although we are not yet on evac notice",Fire Progression,,,,Firefighting Operations and Crew Deployment,Concerned/Anxious,Operational Response and Resources
chetco-bar,ldjranch,"Good job @FoxNews No mention of the #ChetcoBarFire, largest in the nation.
https://t.co/EAzYPM5Kmm",Public Accountability,,,,Media Amplification and Information Gaps,Informational/Neutral,Media and Information Sharing
chetco-bar,ldjranch,".@FoxNews  No reporting on the #ChetcoBarFire since August 22, nation's top priority fire. 🔥🔥🔥🔥🔥          https://t.co/6vpa8wfNi7",Public Accountability,,,,Media Amplification and Information Gaps,Informational/Neutral,Media and Information Sharing
chetco-bar,DarcieMaceMaass,Fires out West getting ridiculous. Chetco Bar fire now 143k acres alone https://t.co/96dL84wXmd,Fire Progression,Seeking visibility and official action,Neutral/Informational,Fire status and operations,Tracking Fire Scale and Containment Progress,Informational/Neutral,Fire Behavior and Status
chetco-bar,DarcieMaceMaass,@EeescalSassy We're surrounded by fire. Chetco Bar fire in Southern Oregon and Northern Cal is 143k acres alone,Fire Progression,,,,Tracking Fire Scale and Containment Progress,Distressed/Urgent,Fire Behavior and Status
chetco-bar,judymet,Community helping those affected by Chetco Bar Fire - https://t.co/orkXjlCUZf #GoogleAlerts,Fire Progression,Seeking visibility and official action,Alarm/Distress,Evacuation and public safety,Media Amplification and Information Gaps,Informational/Neutral,Media and Information Sharing
chetco-bar,katiemcraepdx,"@nytimes How about covering the nation's largest fire? #ChetcoBarFire &gt;140K acres, 10% contained. https://t.co/tVq3dXYXzI",Fire Progression,,,,Tracking Fire Scale and Containment Progress,Informational/Neutral,Fire Behavior and Status
chetco-bar,katiemcraepdx,Visibility on I-5 near Roseburg about a half mile. #oregon #wildfires #ChetcoBarFire https://t.co/faRZ1G6nxn,Smoke / Air Quality,Seeking visibility and official action,Neutral/Informational,Fire status and operations,Smoke Exposure and Air Quality Monitoring,Informational/Neutral,Smoke and Air Quality
chetco-bar,publiclandlvr,"This is low. 
https://t.co/8aRvbsfBvh",Fire Progression,Seeking visibility and official action,Neutral/Informational,Fire status and operations,Media Amplification and Information Gaps,Informational/Neutral,Media and Information Sharing
chetco-bar,kmmeurer,#ChetcoBarFire giving bad smoke all the way north to Reedsport (so far!),Smoke / Air Quality,Living with smoke and threat,Alarm/Distress,"Smoke, weather, and air quality",Smoke Exposure and Air Quality Monitoring,Informational/Neutral,Smoke and Air Quality
chetco-bar,jslutz,The latest Weather things that Jeff follows! https://t.co/TERGVasvBo Thanks to @ChxCourier @NWS_IMET_OPS @RecordEagle #nwmi #chetcobarfire,Community Solidarity,,,,"Community Solidarity, Prayer, and Emotional Bonds",Grateful/Supportive,Weather and Environmental Conditions
chetco-bar,ArneAlvarado,"143,000 acre Chetco Bar Fire https://t.co/FQD19gK3E2",Fire Progression,Seeking visibility and official action,Neutral/Informational,Fire status and operations,Media Amplification and Information Gaps,Informational/Neutral,Media and Information Sharing
chetco-bar,jillianvargas34,#ChetcoBarFire #brookingsoregon #news #fires #Oregon https://t.co/LGIipwxZo0,Public Accountability,Seeking visibility and official action,Neutral/Informational,Media and political accountability,Media Amplification and Information Gaps,Informational/Neutral,Media and Information Sharing
chetco-bar,RoverDov123,"Oregon's fires update 
#ChetcoBarFire #MillerComplex https://t.co/bzwToZD457",Fire Progression,Sharing updates and resources,Neutral/Informational,Fire status and operations,Tracking Fire Scale and Containment Progress,Informational/Neutral,Media and Information Sharing
chetco-bar,kdawgswift,@oliviaokey2 Man we could use ours back in Gold Beach to blow the #ChetcoBarFire smoke away,Smoke / Air Quality,,,,Smoke Exposure and Air Quality Monitoring,Informational/Neutral,Smoke and Air Quality
chetco-bar,katiemcraepdx,#nytimes #chetcobarfire The real story is lack of support from federal agencies for our blue state. #oregon #wildfires,Community Solidarity,"Solidarity, prayer, and gratitude",Gratitude/Appreciation,"Requests, donations, and aid",Firefighting Operations and Crew Deployment,Frustrated/Critical,Operational Response and Resources
chetco-bar,TheStephenCobb,"Oregon's Chetco Bar Fire 143K acres, moving toward Illinois Valley. Thoughts &amp; prayers to friends in Cave Junction https://t.co/hANrnSsTW0",Fire Progression,"Solidarity, prayer, and gratitude",Alarm/Distress,Community solidarity and appreciation,Tracking Fire Scale and Containment Progress,Informational/Neutral,Fire Behavior and Status
chetco-bar,DespiaShrq,"Oh geez. We're right on a border between ""Very Unhealthy"" and ""Hazardous""
Hope they can get #ChetcoBarFire under control soon :S https://t.co/vISoBjMW7x",Smoke / Air Quality,Living with smoke and threat,Alarm/Distress,"Smoke, weather, and air quality",Smoke Exposure and Air Quality Monitoring,Informational/Neutral,Smoke and Air Quality
chetco-bar,June4Wanda,"@TheRickWilson Actually, S. Oregon fire is 122,000 plus acres. I haven't seen the sun in weeks! Chetco Bar fire is huuuge!",Fire Progression,,,,Tracking Fire Scale and Containment Progress,Informational/Neutral,Fire Behavior and Status
chetco-bar,NaseemRakha,"Eclipsed by the smoke. 
#oregonfires #ChetcoBarFire #EagleCreekFire https://t.co/Jx06KkBzfA",Smoke / Air Quality,Living with smoke and threat,Alarm/Distress,"Smoke, weather, and air quality",Smoke Exposure and Air Quality Monitoring,Informational/Neutral,Smoke and Air Quality
chetco-bar,gabephs,#ChetcoBarFire smoke blanketing the McCullough Bridge in North Bend. https://t.co/7gl4rM7XiG,Smoke / Air Quality,Living with smoke and threat,Alarm/Distress,"Smoke, weather, and air quality",Smoke Exposure and Air Quality Monitoring,Informational/Neutral,Smoke and Air Quality
chetco-bar,ElizabethMeadow,We can't breathe #oregonisonfire 2 weeks of this #ChetcoBarFire #applegatefire where is our #news @POTUS @HLNTV @FoxNews https://t.co/Ci0I1PZu9w,Public Accountability,Seeking visibility and official action,Alarm/Distress,"Smoke, weather, and air quality",Media Amplification and Information Gaps,Informational/Neutral,Media and Information Sharing
chetco-bar,Darrell76710,"BROOKINGS: This is the Chetco Bar Fire as seen from Brookings, Oregon. The inferno has burned over 102,000 acres and is 0% contained. https://t.co/vIQybAVJtm",Fire Progression,Seeking visibility and official action,Neutral/Informational,Fire status and operations,Tracking Fire Scale and Containment Progress,Informational/Neutral,Fire Behavior and Status
chetco-bar,LarryStCroix,"#Oregon on #Fire  Chetco Bar Fire in Curry County, currently the largest wildifire in Oregon at over 130,000 acres. https://t.co/cVDPLidw2b https://t.co/QNqF6tQ3LB",Fire Progression,Seeking visibility and official action,Neutral/Informational,Fire status and operations,Tracking Fire Scale and Containment Progress,Informational/Neutral,Fire Behavior and Status
chetco-bar,ldjranch,"@corrcomm @seattletimes Excluding my health&amp;so many others, the fact the #1 priority fire in US is getting absolutely no national coverage? Awesome! #ChetcoBarFire",Public Accountability,,,,Media Amplification and Information Gaps,Grateful/Supportive,Media and Information Sharing
chetco-bar,CO_Pinecone,Local firefighters help with Chetco Bar Fire https://t.co/xcsGYIJM6M via @YouTube,Operational Coordination,,,,Firefighting Operations and Crew Deployment,Informational/Neutral,Media and Information Sharing
chetco-bar,SteveKoch1,"@Cernovich 6000 acres is big. The Chetco Bar fire in SW Oregon is now over 140,000 acres and will likely keep burning until it rains in October. Scary!",Fire Progression,,,,Tracking Fire Scale and Containment Progress,Informational/Neutral,Fire Behavior and Status
chetco-bar,JenMandin,"@hahathedonald @ABC @realDonaldTrump only place getting all the attention. Oregon has fires everywhere, including the biggest fire in the nation right now, the Chetco Bar fire.",Public Accountability,,,,Media Amplification and Information Gaps,Frustrated/Critical,Media and Information Sharing
chetco-bar,RicksOpinion,"@Mikel_Jollett @AnastasiaBarzee Over 5'000 acres wow . Oh wait Chetco bar fire in oregon is over 143,000 acres . That is over 210 sq. Miles.... Crickets 😉",Fire Progression,,,,Tracking Fire Scale and Containment Progress,Informational/Neutral,Fire Behavior and Status
chetco-bar,ewoksamongus,"@Mikel_Jollett That's not the largest fire ever. Oregon has Chetco Bar fire (155,000 acres) and California has Eclipse Complex (80,000 acres)",Fire Progression,,,,Tracking Fire Scale and Containment Progress,Informational/Neutral,Fire Behavior and Status
chetco-bar,ldjranch,@corrcomm @seattletimes This is their house before the fire #ChetcoBarFire https://t.co/a9AJ9b3z65,Fire Progression,,,,Media Amplification and Information Gaps,Informational/Neutral,Media and Information Sharing
chetco-bar,ldjranch,@corrcomm @seattletimes This is their house after the fire #ChetcoBarFire https://t.co/UXPF8iwHJy,Fire Progression,,,,Media Amplification and Information Gaps,Informational/Neutral,Media and Information Sharing
chetco-bar,albright_duane,#ChetcoBarFire. I'm 45 have 30 yr exp op hvy equip. I'm avail to help at any fire.  Name is Duane Albright 541.295.5247,Fire Progression,Seeking visibility and official action,Alarm/Distress,"Requests, donations, and aid","Personal Safety, Proximity, and Local Threat",Informational/Neutral,Personal Experience and Community Impact
chetco-bar,evansmama7,"@KFennymore I'll have to check into it, been staying in because the smoke so I haven't heard anything. The chetco bar fire is the one effecting north ca",Fire Progression,,,,Smoke Exposure and Air Quality Monitoring,Informational/Neutral,Smoke and Air Quality
chetco-bar,jilliananne1,@CNN #ChetcoBarFire,Fire Progression,,,,Media Amplification and Information Gaps,Engaged/Observational,Media and Information Sharing
chetco-bar,AnnAbuse37,"@Mikel_Jollett @SpryGuy While that is bad fire so close to urban area, Chetco Bar in S Oregon has claimed over 300k acres https://t.co/pwOy5s8jef",Fire Progression,,,,Tracking Fire Scale and Containment Progress,Informational/Neutral,Fire Behavior and Status
chetco-bar,SJ_Eblen,"September 3, 2017 break from the smoke for a bit of sunset. #ChetcoBarFire https://t.co/c85CrA462i",Smoke / Air Quality,Living with smoke and threat,Alarm/Distress,"Smoke, weather, and air quality",Smoke Exposure and Air Quality Monitoring,Engaged/Observational,Smoke and Air Quality
chetco-bar,zcobb,Huge fire headed toward Cave Junction. Friends with homes and businesses praying for rain but preparing to evacuate https://t.co/f5lwImTHNi,Evacuation,Evacuation and immediate disruption,Alarm/Distress,Evacuation and public safety,Evacuation Orders and Displacement Experiences,Grateful/Supportive,Evacuation and Area Closures
chetco-bar,barttels2,"US Forest Service's original two-week delay has proven a disaster.😡🔥😡

Chetco Bar fire burning toward Cave Junction https://t.co/oH9497mwhf",Fire Progression,Seeking visibility and official action,Neutral/Informational,Media and political accountability,Tracking Fire Scale and Containment Progress,Distressed/Urgent,Fire Behavior and Status
chetco-bar,MarilynM,"#ChetcoBarFire SW OR started 7/12, 143K acres, 10% contained, heavy #smoke in NW CA. #wildfire #Oregon #California  https://t.co/Mfox8vukXF",Fire Progression,Living with smoke and threat,Neutral/Informational,Fire status and operations,Tracking Fire Scale and Containment Progress,Informational/Neutral,Fire Behavior and Status
chetco-bar,LLSaucerman,"Praying for rain.  145000 acers burnt, only 10% contained. #chetcobarfire. https://t.co/QuSVaVmNPQ",Fire Progression,"Solidarity, prayer, and gratitude",Hope/Reassurance,Fire status and operations,Tracking Fire Scale and Containment Progress,Grateful/Supportive,Fire Behavior and Status
chetco-bar,LarryStCroix,#OR Gov Brown requested additional federal firefighting resources for 225 square mile #ChetcoBar through the USDA but the request was denied,Operational Coordination,Seeking visibility and official action,Neutral/Informational,"Requests, donations, and aid",Firefighting Operations and Crew Deployment,Informational/Neutral,Operational Response and Resources
chetco-bar,amylindman,Beautiful southern Oregon coast is shrouded in smoke from the fires burning nearby🔥my hometown #ChetcoBarFire https://t.co/oiamcovwIH,Smoke / Air Quality,Living with smoke and threat,Alarm/Distress,"Smoke, weather, and air quality","Personal Safety, Proximity, and Local Threat",Concerned/Anxious,Personal Experience and Community Impact
chetco-bar,falconmuse,"@linellgibson Chetco Bar fire over 150,000 acres burned. Beautiful &amp; biologically unique wilderness areas are tragically lost. Devastating. 💔",Fire Progression,,,,Tracking Fire Scale and Containment Progress,Distressed/Urgent,Fire Behavior and Status
chetco-bar,sh3lly,Chetco Bar Fire-One of the largest fires on record for the state of Oregon. https://t.co/ZHhrlFRSjS,Fire Progression,Seeking visibility and official action,Neutral/Informational,Fire status and operations,Media Amplification and Information Gaps,Informational/Neutral,Media and Information Sharing
chetco-bar,RoseMantle,"#ChetcoBarFire 
Fire resources stretch thin as wildfires burn throughout the West https://t.co/fHXsIaG76i",Operational Coordination,Seeking visibility and official action,Neutral/Informational,"Requests, donations, and aid",Firefighting Operations and Crew Deployment,Informational/Neutral,Operational Response and Resources
chetco-bar,GrayWolfAlpha,"@TheresaSnyder19 @Wort01 @mirtaimperatori @Gerizentime !Smokey again 2dy. Wildfire named ""Chetco Bar, burned 223 Sq miles 20% contained!",Fire Progression,,,,Tracking Fire Scale and Containment Progress,Informational/Neutral,Fire Behavior and Status
chetco-bar,RuckerJordan,"@Cody_Crouser chetco bar fire is stated to be the biggest fire in the nation, that's why every firefighter in OR 🤷🏼‍♀️",Fire Progression,,,,Firefighting Operations and Crew Deployment,Informational/Neutral,Operational Response and Resources
chetco-bar,sexyfaithfulbo1,Local firefighters help with Chetco Bar Fire https://t.co/dLkaTLoZA0,Operational Coordination,Seeking visibility and official action,Alarm/Distress,Fire status and operations,Firefighting Operations and Crew Deployment,Informational/Neutral,Operational Response and Resources
chetco-bar,Key2Eraserhead,"@LAXReport Meanwhile, the Chetco Bar Fire started in July and won't be contained until October. https://t.co/BLLuKr3kH9",Fire Progression,,,,Tracking Fire Scale and Containment Progress,Informational/Neutral,Media and Information Sharing
chetco-bar,ldjranch,#ChetcoBarFire flares up in Mount Emily area east of Brookings; Fire resources stretched thin  https://t.co/Dia7T5GlQd,Operational Coordination,Seeking visibility and official action,Neutral/Informational,"Requests, donations, and aid",Firefighting Operations and Crew Deployment,Informational/Neutral,Operational Response and Resources
chetco-bar,The_Fendora,Happy #LaborDay everyone. Stay hydrated and safe. Too smoky out there for me #ChetcoBarFire @F3ND1MUS,Smoke / Air Quality,"Solidarity, prayer, and gratitude",Hope/Reassurance,Fire status and operations,Tracking Fire Scale and Containment Progress,Informational/Neutral,Fire Behavior and Status
chetco-bar,turner_shelly,@FoxNews Why isn't any of the news covering the mega fire in Oregon? The Chetco Bar fire has burned over 160k plus acres.,Public Accountability,,,,Tracking Fire Scale and Containment Progress,Frustrated/Critical,Fire Behavior and Status
chetco-bar,Soreq1769,https://t.co/naN6hSsrU7 Why was this allowed to happen?,Fire Progression,Seeking visibility and official action,Alarm/Distress,Fire status and operations,Media Amplification and Information Gaps,Informational/Neutral,Media and Information Sharing
chetco-bar,Soreq1769,@RealDonad_Trump https://t.co/naN6hSsrU7,Public Accountability,,,,Media Amplification and Information Gaps,Informational/Neutral,Media and Information Sharing
chetco-bar,ldjranch,"More than 150 Oregon hikers returned to safety after being stranded by wildfire #OregonOnFire #ChetcoBarFire
https://t.co/gNylEEWGjr",Fire Progression,"Solidarity, prayer, and gratitude",Hope/Reassurance,Fire status and operations,Media Amplification and Information Gaps,Informational/Neutral,Media and Information Sharing
chetco-bar,ldjranch,"News 10 rides with crews to the lines of the #ChetcoBarFire for a progress update  
https://t.co/xG8duu5kJa",Operational Coordination,Seeking visibility and official action,Hope/Reassurance,Fire status and operations,Media Amplification and Information Gaps,Informational/Neutral,Media and Information Sharing
chetco-bar,ahhsome2001,"@realDonaldTrump, please send media to Oregon and Montana. And if you could order some rain, that would be awesome 😉#ChetcoBarFire",Public Accountability,,,,Evacuation Orders and Displacement Experiences,Frustrated/Critical,Evacuation and Area Closures
chetco-bar,barttels2,"@KnuteBuehler Exactly. A few decades of mismanagement generally, &amp; two weeks to START fighting now-worst-in-nation Chetco Bar fire. Where's the screaming?",Public Accountability,,,,Institutional Accountability and Crisis Governance,Informational/Neutral,Institutional and Political Commentary
chetco-bar,ldjranch,@ryegrassman @kdinvestors @BoshartDavisAg @FoxNews @forestservice #ChetcoBarFire https://t.co/3dEJsPt6ER,Public Accountability,,,,Media Amplification and Information Gaps,Informational/Neutral,Media and Information Sharing
chetco-bar,ldjranch,"@MarieB41 @ryegrassman @kdinvestors @BoshartDavisAg @FoxNews @forestservice @LouDobbs Great idea! I'll start tagging @LouDobbs in my posts. I RT every #ChetcoBarFire  I see, unless they blame it on #climatechange BS. #RuralOR",Public Accountability,,,,Media Amplification and Information Gaps,Frustrated/Critical,Media and Information Sharing
chetco-bar,MyaNikitaEtc,Oh my.  I'm so sorry you're getting hit on both sides.  #ClimateChangeIsReal  #LaTunaFire #ChetcoBarFire #HoustonFlood https://t.co/DyAXxgSYvV,Fire Progression,Seeking visibility and official action,Neutral/Informational,Fire status and operations,Media Amplification and Information Gaps,Informational/Neutral,Media and Information Sharing
chetco-bar,Janner99362,#ChetcoBarFire @Interior @ForestServiceNW @forestservice @realDonaldTrump @realDailyWire @foxandfriends https://t.co/VyYyzz4YcO,Fire Progression,,,,Tracking Fire Scale and Containment Progress,Informational/Neutral,Media and Information Sharing
chetco-bar,AMHalford,"We are level 1 evac. Hopefully it doesn't progress further.
#ChetcoBarFire",Evacuation,Evacuation and immediate disruption,Hope/Reassurance,Evacuation and public safety,Evacuation Orders and Displacement Experiences,Grateful/Supportive,Evacuation and Area Closures
chetco-bar,sped4all,Beauty within devastation. May everyone be safe. #ChetcoBarFire https://t.co/xVGTp5ATfH,Fire Progression,"Solidarity, prayer, and gratitude",Hope/Reassurance,Fire status and operations,Media Amplification and Information Gaps,Informational/Neutral,Media and Information Sharing
chetco-bar,RoseMantle,https://t.co/NHv6QxkY8f #ChetcoBarFire getting very close to home,Fire Progression,Evacuation and immediate disruption,Neutral/Informational,Fire status and operations,"Personal Safety, Proximity, and Local Threat",Informational/Neutral,Media and Information Sharing
chetco-bar,steamtowers,The chetco bar fire is still going. And has reached roughly the size of New York city and we are still ok no... https://t.co/FQhM3jnRGO,Fire Progression,Seeking visibility and official action,Anger/Blame,Fire status and operations,Tracking Fire Scale and Containment Progress,Informational/Neutral,Media and Information Sharing
chetco-bar,CraftsByMaryH,"#TexasStrong #HoustonStrong #OregonStrong #ChetcoBarFire #Fundraiser #craftsbymaryhall $5 decals, find me on FB. https://t.co/Iu7K4X1GAL",Fire Progression,Seeking visibility and official action,Neutral/Informational,"Requests, donations, and aid",Media Amplification and Information Gaps,Informational/Neutral,Media and Information Sharing
chetco-bar,LauraYarris,"Chetco Bar Fire surpasses 150,000 acres, new evacuations issued for Illinois Valley https://t.co/ZFu4g5z7Do via @salem_statesman",Fire Progression,Evacuation and immediate disruption,Neutral/Informational,Evacuation and public safety,Tracking Fire Scale and Containment Progress,Informational/Neutral,Media and Information Sharing
chetco-bar,ldjranch,@LouDobbs  @POTUS  @realDonaldTrump  @FLOTUS   #ChetcoBarFire https://t.co/zhaL2yJH8G,Public Accountability,,,,Media Amplification and Information Gaps,Frustrated/Critical,Media and Information Sharing
chetco-bar,ForestDenizen,"Chetco Bar fire. Smoky airport in Brookings, OR. Level 3 evacuations in force. Photo credit: Corey Bryant https://t.co/WsBcHGEHe7",Evacuation,Evacuation and immediate disruption,Alarm/Distress,Evacuation and public safety,Evacuation Orders and Displacement Experiences,Engaged/Observational,Evacuation and Area Closures
chetco-bar,KSWildFacts,The only thing KS Wild protects is EAJA. #ChetcoBarFire,Fire Progression,Seeking visibility and official action,Neutral/Informational,Fire status and operations,"Personal Safety, Proximity, and Local Threat",Engaged/Observational,Public Safety and Health Guidance
chetco-bar,KSWildFacts,"""Wilderness Protections"" don't help us. #ChetcoBarFire",Fire Progression,Seeking visibility and official action,Alarm/Distress,"Requests, donations, and aid","Personal Safety, Proximity, and Local Threat",Distressed/Urgent,Public Safety and Health Guidance
chetco-bar,KSWildFacts,Fix EAJA so we can have our nature back. #ChetcoBarFire,Fire Progression,Seeking visibility and official action,Neutral/Informational,Fire status and operations,Tracking Fire Scale and Containment Progress,Engaged/Observational,Fire Behavior and Status
chetco-bar,1kanakaAmakee,@BiancaTylock @VP @realDonaldTrump The USFS won't allow it to fly..don't ask me why!  It has a payload of 19000 gals.  A few passes and the Chetco Bar Fire &amp; LaTuna fires=OUT,Public Accountability,,,,Institutional Accountability and Crisis Governance,Frustrated/Critical,Institutional and Political Commentary
chetco-bar,1kanakaAmakee,#ChetcoBarFire Thanks for bringing this to everyone's attention.  There's no excuse for these fires.  The USFS has some explaining to do..,Community Solidarity,"Solidarity, prayer, and gratitude",Gratitude/Appreciation,Community solidarity and appreciation,Tracking Fire Scale and Containment Progress,Grateful/Supportive,Fire Behavior and Status
chetco-bar,byebyepuffyeyes,"Due to a lack of resources, no more firefighters can be hired to fight this fire it's growing by Leaps and Bounds... https://t.co/8lCMedcFHf",Operational Coordination,"Solidarity, prayer, and gratitude",Anger/Blame,Fire status and operations,Firefighting Operations and Crew Deployment,Frustrated/Critical,Operational Response and Resources
chetco-bar,KSWildFacts,"People in CJ, Selma, Takilma are wondering to where they can evacuate since EVERYTHING IS ON FIRE! Level 1 evac today #ChetcoBarFire",Evacuation,Evacuation and immediate disruption,Alarm/Distress,Evacuation and public safety,Evacuation Orders and Displacement Experiences,Informational/Neutral,Evacuation and Area Closures
chetco-bar,Monica_Drake,@realDonaldTrump https://t.co/DtM3MZp1ha,Public Accountability,,,,Media Amplification and Information Gaps,Informational/Neutral,Media and Information Sharing
chetco-bar,tamitao2,"Chetco Bar Fire huge flare up Nobody's talking bout the thousands of acres on fire, burning our wildlands &amp; threatening small towns @abcnews",Fire Progression,Living with smoke and threat,Neutral/Informational,Fire status and operations,Tracking Fire Scale and Containment Progress,Informational/Neutral,Fire Behavior and Status
chetco-bar,julie_mathus,@foxandfriends please report on the fires in Oregon. They are getting so out of control. Chetco Bar fire is huge. Nobody is reporting!!,Fire Progression,,,,Media Amplification and Information Gaps,Concerned/Anxious,Media and Information Sharing
chetco-bar,tamitao2,Chetco Bar Fire having a huge flare up that nobody is talking about It is burning thousands of acres of our wildlands &amp; not mentioned.@ABC,Fire Progression,Living with smoke and threat,Neutral/Informational,Fire status and operations,Tracking Fire Scale and Containment Progress,Informational/Neutral,Fire Behavior and Status
chetco-bar,SpaceRascal,Stay safe @EJFisch My son lives in Cave Junction. https://t.co/TpBVco37hf https://t.co/yIB4QxJKLD,Community Solidarity,,,,"Personal Safety, Proximity, and Local Threat",Grateful/Supportive,Personal Experience and Community Impact
chetco-bar,byebyepuffyeyes,Chetco Bar Fire Update - 09/02/2017 - Wild Coast Compass https://t.co/Jf2ZMMlOkI,Fire Progression,Sharing updates and resources,Neutral/Informational,Fire status and operations,Tracking Fire Scale and Containment Progress,Informational/Neutral,Media and Information Sharing
chetco-bar,RaptorArts,#ChetcoBarFire  These are photos just off our road. Hope everyone is safe and staying out of the smoke. https://t.co/aU9zou8KuL,Smoke / Air Quality,Living with smoke and threat,Hope/Reassurance,"Smoke, weather, and air quality",Smoke Exposure and Air Quality Monitoring,Engaged/Observational,Situational Awareness and Mapping
chetco-bar,mishabendavid,@JaceDeloney My son Julian in Medford can barely breathe because of the #ChetcoBarFire. what a nightmare it is in Oregon.,Fire Progression,,,,"Personal Safety, Proximity, and Local Threat",Distressed/Urgent,Personal Experience and Community Impact
chetco-bar,egregore,Chetco Bar Fire Evacuation Area Map  https://t.co/4SQtEOchjH #storymap,Evacuation,Evacuation and immediate disruption,Alarm/Distress,Evacuation and public safety,Evacuation Orders and Displacement Experiences,Informational/Neutral,Media and Information Sharing
chetco-bar,1kanakaAmakee,Why You Don't See Air Tankers Helping With The Chetco Bar Fire https://t.co/lRKhmgPtzB,Operational Coordination,Seeking visibility and official action,Alarm/Distress,"Requests, donations, and aid",Firefighting Operations and Crew Deployment,Informational/Neutral,Operational Response and Resources
chetco-bar,jshermanroberts,"@Lady_Historian Oh, I'm so sorry! we just have the smoke to contend with, mostly (Chetco Bar Fire not far, but doesn't seem likely). Sending good thoughts!",Smoke / Air Quality,,,,Smoke Exposure and Air Quality Monitoring,Informational/Neutral,Smoke and Air Quality
chetco-bar,gina_orr,:( https://t.co/HeWljbhdU2,Fire Progression,Seeking visibility and official action,Neutral/Informational,Fire status and operations,Media Amplification and Information Gaps,Informational/Neutral,Media and Information Sharing
chetco-bar,SHuggins67,"Chetco Bar Fire surpasses 150,000 acres, new evacuations issued for Illinois Valley https://t.co/48CyxMZlay",Fire Progression,Evacuation and immediate disruption,Neutral/Informational,Evacuation and public safety,Tracking Fire Scale and Containment Progress,Informational/Neutral,Fire Behavior and Status
chetco-bar,SHuggins67,#ChetcoBarFire https://t.co/CubNWWS7T4,Fire Progression,Seeking visibility and official action,Neutral/Informational,Fire status and operations,Media Amplification and Information Gaps,Informational/Neutral,Media and Information Sharing
chetco-bar,ElizabethMeadow,Mismanagement of our #forests #somanyaffectedbythis #ChetcoBarFire where r #politicians @FoxNews @davidbriggspdx @POTUS @VP @repgregwalden https://t.co/nkQeJ4cJj3,Public Accountability,Seeking visibility and official action,Anger/Blame,Personal experience and disruption,Media Amplification and Information Gaps,Frustrated/Critical,Media and Information Sharing
chetco-bar,Neketa1,"@cnnbrk Why is no one Nationally reporting about the Chetco Bar fire near Brookings OR?  160,000 acres, homes lost, people scattered",Fire Progression,,,,Tracking Fire Scale and Containment Progress,Informational/Neutral,Media and Information Sharing
chetco-bar,Neketa1,@cnnbrk smoke is choking us out  - we need more fire crews.  No one Nationally is reporting it.   #ChetcoBarFire,Smoke / Air Quality,,,,Smoke Exposure and Air Quality Monitoring,Informational/Neutral,Media and Information Sharing
chetco-bar,KSWildFacts,#ChetcoBarFire https://t.co/g24WhimKPX,Fire Progression,Seeking visibility and official action,Neutral/Informational,Fire status and operations,Media Amplification and Information Gaps,Informational/Neutral,Media and Information Sharing
chetco-bar,DrkMtt3r,#ChetcoBarFire 9/4 https://t.co/61pgvw03xG,Fire Progression,Seeking visibility and official action,Neutral/Informational,Fire status and operations,Media Amplification and Information Gaps,Informational/Neutral,Media and Information Sharing
chetco-bar,Neketa1,@GMA Why aren't you reporting on Chetco Bar Fire in Southern OR We need help in Brookings &amp; no one Nationally reporting #ChetcoBarFire,Fire Progression,,,,"Personal Safety, Proximity, and Local Threat",Informational/Neutral,Media and Information Sharing
chetco-bar,Neketa1,@MSNBC Why aren't you reporting on Chetco Bar Fire in Southern OR We need help in Brookings &amp; no one Nationally reporting #ChetcoBarFire,Fire Progression,,,,"Personal Safety, Proximity, and Local Threat",Informational/Neutral,Media and Information Sharing
chetco-bar,Neketa1,@ABC Why aren't you reporting on Chetco Bar Fire in Southern OR We need help in Brookings &amp; no one Nationally reporting #ChetcoBarFire,Fire Progression,,,,"Personal Safety, Proximity, and Local Threat",Informational/Neutral,Media and Information Sharing
chetco-bar,Neketa1,@FoxNews Why aren't you reporting on Chetco Bar Fire in Southern OR We need help in Brookings &amp; no one Nationally reporting #ChetcoBarFire,Public Accountability,,,,Media Amplification and Information Gaps,Informational/Neutral,Media and Information Sharing
chetco-bar,Neketa1,@CBSNews Why aren't you reporting on Chetco Bar Fire in Southern OR We need help in Brookings &amp; no one Nationally reporting #ChetcoBarFire,Public Accountability,,,,Media Amplification and Information Gaps,Informational/Neutral,Media and Information Sharing
chetco-bar,simcha5772,#cow in #ny stressed by #i84 #oregONfires #iRmaA #hARvEy #EagleCreekFire #ChetcoBarFire #eaglecreek https://t.co/xDjaOgVIMK @NBCNewYork #hot https://t.co/j9ZcOWTlu3,Fire Progression,Seeking visibility and official action,Neutral/Informational,Fire status and operations,Media Amplification and Information Gaps,Informational/Neutral,Media and Information Sharing
chetco-bar,authorclaire1,"chetco fire is &gt;150,000 acres today, and that's just 1 fire. This news from 9/2-&gt; https://t.co/PkjHwyTL16 https://t.co/2ccuYHwzHy",Fire Progression,Seeking visibility and official action,Neutral/Informational,Fire status and operations,Media Amplification and Information Gaps,Informational/Neutral,Media and Information Sharing
chetco-bar,Neketa1,#ChetcoBarFire  9/04 4:30am as seen on Gardner Ridge    Fir is too close to town and no one is reporting Nationally https://t.co/ZqgtzkDx1E,Fire Progression,Evacuation and immediate disruption,Anger/Blame,Fire status and operations,"Personal Safety, Proximity, and Local Threat",Informational/Neutral,Media and Information Sharing
chetco-bar,backwoodshome,"Chetco Bar Fire: Tried driving to Gold Beach today, but turned back at Florence due to smoke. https://t.co/K8JiYyurri https://t.co/u0r5GsYkzl",Smoke / Air Quality,Living with smoke and threat,Alarm/Distress,"Smoke, weather, and air quality",Smoke Exposure and Air Quality Monitoring,Informational/Neutral,Smoke and Air Quality
chetco-bar,jilliananne1,It is hell on earth here on the south coast! #ChetcoBarFire #ChetcoStrong #oregonfires https://t.co/oRRSDPvDNe,Fire Progression,Seeking visibility and official action,Neutral/Informational,Community solidarity and appreciation,Media Amplification and Information Gaps,Informational/Neutral,Media and Information Sharing
chetco-bar,jilliananne1,@horridpoplyrics That sucks and I hate whoever caused it but we are still hating life since July #ChetcoBarFire,Fire Progression,,,,Tracking Fire Scale and Containment Progress,Informational/Neutral,Fire Behavior and Status
chetco-bar,JeedBe,A Level 3 Evacuation(GO!)means residents within this area should leave immediately-Chetco Bar Fire  9/04/17 6:30 pm https://t.co/H42xd6WCjE,Evacuation,Evacuation and immediate disruption,Alarm/Distress,Evacuation and public safety,Evacuation Orders and Displacement Experiences,Informational/Neutral,Evacuation and Area Closures
chetco-bar,JeedBe,"#ChetcoBarFire Evac Level 3 #CurryCounty 9/04/17
Posted:09/04/17 09:19 pm 2017_09_04-21.19.03.324-CDT.jpeg (219×255) https://t.co/W4Ny4y5U6J",Evacuation,Evacuation and immediate disruption,Neutral/Informational,Evacuation and public safety,Evacuation Orders and Displacement Experiences,Informational/Neutral,Evacuation and Area Closures
chetco-bar,isitart,"""FIRE Could Surround Us Any Moment""  Chetco Bar Fire Is Just Hours Away PL... https://t.co/1WgMomegLw via @YouTube",Fire Progression,Seeking visibility and official action,Neutral/Informational,Fire status and operations,"Personal Safety, Proximity, and Local Threat",Distressed/Urgent,Media and Information Sharing
chetco-bar,Lukas__Johnson,"It's crazy seeing pictures of the Eagle Creek fire. But it's only 3,200 acres. Remember, Chetco Bar fire is 167,513 currently in Southern OR",Fire Progression,Seeking visibility and official action,Neutral/Informational,Fire status and operations,Tracking Fire Scale and Containment Progress,Informational/Neutral,Situational Awareness and Mapping
chetco-bar,ItsMeghanPrice,The Chetco Bar Fire which began early July and is only 10% contained https://t.co/Y6QNX5SrTH,Fire Progression,Seeking visibility and official action,Hope/Reassurance,Fire status and operations,Tracking Fire Scale and Containment Progress,Informational/Neutral,Fire Behavior and Status
chetco-bar,jandianmfr,"Chetco Bar Fire surpasses 150,000 acres, new evacuations issued for Illinois Valley https://t.co/FeLw1MPSTw",Fire Progression,Evacuation and immediate disruption,Neutral/Informational,Evacuation and public safety,Tracking Fire Scale and Containment Progress,Informational/Neutral,Fire Behavior and Status
chetco-bar,demoman3955,https://t.co/tkdjV8aKkj... https://t.co/xmiFXdXsH5,Fire Progression,,,,Media Amplification and Information Gaps,Informational/Neutral,Media and Information Sharing
chetco-bar,ldjranch,What an awesome photo-op @OregonGovBrown !  But what have you really done to help us? #ChetcoBarFire  @LouDobbs @FoxNews  @SpecialReport https://t.co/dK4XxFfeCh,Public Accountability,,,,Media Amplification and Information Gaps,Informational/Neutral,Media and Information Sharing
chetco-bar,ldjranch,#ChetcoBarFire  @LouDobbs @FoxNews  @SpecialReport @BretBaier  @DailyCaller @FoxBusiness @TrishIntel https://t.co/Td2tuZAKvt,Fire Progression,,,,Media Amplification and Information Gaps,Informational/Neutral,Media and Information Sharing
chetco-bar,JeedBe,"Chetco Bar Fire grows over 150,000 acres, new evacuations issued for Illinois Valley https://t.co/dvyrw15f7y",Fire Progression,Evacuation and immediate disruption,Neutral/Informational,Evacuation and public safety,Tracking Fire Scale and Containment Progress,Informational/Neutral,Fire Behavior and Status
chetco-bar,dreamhome,Additional Level 3 (GO!) evacuation notices issued for Chetco Bar Fire evacuees https://t.co/cDB44sHd19,Evacuation,Evacuation and immediate disruption,Alarm/Distress,Evacuation and public safety,Evacuation Orders and Displacement Experiences,Informational/Neutral,Evacuation and Area Closures
chetco-bar,MamasSecureWay,Additional Level 3 (GO!) evacuation notices issued for Chetco Bar Fire evacuees https://t.co/TjGVqTH8Mf,Evacuation,Evacuation and immediate disruption,Alarm/Distress,Evacuation and public safety,Evacuation Orders and Displacement Experiences,Informational/Neutral,Evacuation and Area Closures
chetco-bar,pattyeckroth,Chetco Bar fire in Rogue River-Siskiyou National Forest a conflagration https://t.co/VNDPArUk2p,Fire Progression,Seeking visibility and official action,Neutral/Informational,Fire status and operations,Media Amplification and Information Gaps,Informational/Neutral,Media and Information Sharing
chetco-bar,JuliaJayes,"#Chetco Bar Fire now 143,000 acres, slowly moving toward Illinois Valley #wildfires #oregonfires https://t.co/qxijm3F2iu",Fire Progression,Seeking visibility and official action,Neutral/Informational,Fire status and operations,Tracking Fire Scale and Containment Progress,Informational/Neutral,Fire Behavior and Status
chetco-bar,Sushimom_10,@Fairwinds10 @OregonGovBrown @RonWyden @SenJeffMerkley It's not close to Portland and all the fire crews are on the Chetco Bar fire which is threatening a lot more people. There is no one left.,Operational Coordination,,,,Firefighting Operations and Crew Deployment,Concerned/Anxious,Operational Response and Resources
chetco-bar,JuliaJayes,Now is the time for community to ban together - sending love to beautiful Oregon &amp; my loved ones facing possible #evacuation #ChetcoBarFire https://t.co/pJiOfMMi23,Evacuation,Evacuation and immediate disruption,Alarm/Distress,Evacuation and public safety,Evacuation Orders and Displacement Experiences,Grateful/Supportive,Evacuation and Area Closures
chetco-bar,Swimmerbrittney,I would like to point out the fact that the chetco bar fire is 30x larger than the LA fire right now but they have way more coverage of it,Fire Progression,Seeking visibility and official action,Anger/Blame,Media and political accountability,Media Amplification and Information Gaps,Informational/Neutral,Media and Information Sharing
chetco-bar,cookies1961,"Chetco Bar Fire grows to 167,000 acres, multiple evacuations issued for Illinois Valley, Brookings area. No relief in sight #oregonfires https://t.co/9t30hVs2GF",Fire Progression,Evacuation and immediate disruption,Neutral/Informational,Evacuation and public safety,Tracking Fire Scale and Containment Progress,Informational/Neutral,Fire Behavior and Status
chetco-bar,Sushimom_10,@itsmikebivins There are no fire crews on it. They're all on Chetco Bar. There's no crews to spare.,Operational Coordination,,,,Firefighting Operations and Crew Deployment,Informational/Neutral,Operational Response and Resources
chetco-bar,rickwj9851,Additional Level 3 (GO!) evacuation notices issued for Chetco Bar Fire evacuees https://t.co/YEfwMCGRo0,Evacuation,Evacuation and immediate disruption,Alarm/Distress,Evacuation and public safety,Evacuation Orders and Displacement Experiences,Informational/Neutral,Evacuation and Area Closures
chetco-bar,LTPthatsme,"While you're watching #EagleCreekFire - let's not forget our fellow Oregonians to the South...#ChetcoBarFire

https://t.co/GjXI67S4CF",Fire Progression,Seeking visibility and official action,Anger/Blame,Fire status and operations,Environmental Observation and Fire Spectacle,Engaged/Observational,Situational Awareness and Mapping
chetco-bar,sillyauntysissy,Oregians have true pioneer spirit...help as one of the town burns...true #oregongirl https://t.co/R6nL53kKQX,Fire Progression,Seeking visibility and official action,Alarm/Distress,"Requests, donations, and aid",Media Amplification and Information Gaps,Informational/Neutral,Media and Information Sharing
chetco-bar,Key2Eraserhead,@chmayer @CloverCGreens The Chetco Bar Fire has been burning since July 12th. They expect containment in October.,Fire Progression,,,,Tracking Fire Scale and Containment Progress,Grateful/Supportive,Fire Behavior and Status
chetco-bar,OregonBruin,"@katiemcraepdx @nytimes #ChetcoBarFire Brookings-Harbor has 15,000 people affected, not 6,500 as seen in many stories. Big deal? Yes, it is, to us!",Fire Progression,,,,"Personal Safety, Proximity, and Local Threat",Informational/Neutral,Personal Experience and Community Impact
chetco-bar,jenovi,"I'm about 10 miles from the Chetco Bar fire, really terrible visibility and air quality here. Crazy conditions around the whole state. https://t.co/VoutSLDaU2",Smoke / Air Quality,Living with smoke and threat,Neutral/Informational,"Smoke, weather, and air quality",Smoke Exposure and Air Quality Monitoring,Concerned/Anxious,Smoke and Air Quality
chetco-bar,throssel,"@karynn @Narutolover164 @chick_in_kiev Chetco Bar Fire in Brookings, Oregon. 170,000 acre megafire still burning. Homes have already been burning down, mines a mile away https://t.co/4ws0mLTHaC",Fire Progression,,,,Tracking Fire Scale and Containment Progress,Grateful/Supportive,Fire Behavior and Status
chetco-bar,Sushimom_10,@excaligirltoo @FishSqueezHer @itsmikebivins Yeah. It's bad and Oregon has already declared a state of emergency for the Chetco Bar fire.,Fire Progression,,,,Tracking Fire Scale and Containment Progress,Distressed/Urgent,Fire Behavior and Status
chetco-bar,DrDanielFindley,@polarscribe @excaligirltoo @NWSPortland I've found this helpful while following the Chetco Bar fire: https://t.co/6ZoHRkvPwf,Fire Progression,,,,Media Amplification and Information Gaps,Informational/Neutral,Media and Information Sharing
chetco-bar,Janner99362,"Proven effective WW, NOT USA. WHY?! @forestservice @Interior @LouDobbs @foxandfriends #oregonfires #ChetcoBarFire https://t.co/RCRT0JBUIw",Fire Progression,,,,Media Amplification and Information Gaps,Informational/Neutral,Media and Information Sharing
chetco-bar,Janner99362,@LouDobbs @forestservice @Interior @foxandfriends #ChetcoBarFire #oregonfires #OregonFire https://t.co/sbgmur8IpL,Fire Progression,,,,Media Amplification and Information Gaps,Informational/Neutral,Media and Information Sharing
chetco-bar,wash_gton,"Chetco Bar 🔥 in Brookings, Oregon 170,000 acres burning
#oregonfires https://t.co/YfLKgT8rXA",Fire Progression,Living with smoke and threat,Neutral/Informational,Fire status and operations,Tracking Fire Scale and Containment Progress,Informational/Neutral,Fire Behavior and Status
chetco-bar,Janner99362,#ChetcoBarFire @LouDobbs @forestservice @foxandfriends @Interior https://t.co/FFBhn3qxib,Fire Progression,,,,Media Amplification and Information Gaps,Informational/Neutral,Media and Information Sharing
chetco-bar,Janner99362,#ChetcoBarFire #oregonfires @LouDobbs @forestservice @Interior @foxandfriends https://t.co/47Jhz8O1CL,Fire Progression,,,,Media Amplification and Information Gaps,Informational/Neutral,Media and Information Sharing
chetco-bar,wash_gton,"#Oregonfires #ChetcoBarFire
Level 3 evacuation pts of Curry/Josephine Co., 170k acres burning. https://t.co/xaCWUy0xlK",Evacuation,Evacuation and immediate disruption,Neutral/Informational,Evacuation and public safety,Tracking Fire Scale and Containment Progress,Informational/Neutral,Fire Behavior and Status
chetco-bar,realpnwBelle,FIRE Could Surround Us Any Moment  Chetco Bar Fire Is Just Hours Away PL... https://t.co/cCslM3x4Pe via @YouTube,Fire Progression,Seeking visibility and official action,Neutral/Informational,Fire status and operations,"Personal Safety, Proximity, and Local Threat",Distressed/Urgent,Media and Information Sharing
chetco-bar,kandijwyatt,@malushka868 You're getting the Chetco Bar fire. I'm on the west side of it. It's not doing well. Harvey and others took the news.,Public Accountability,,,,Media Amplification and Information Gaps,Informational/Neutral,Media and Information Sharing
chetco-bar,barttels2,Closer to 400. Chetco Bar growing &amp; only 5% contained. https://t.co/FYTQIGY7ZS,Fire Progression,,,,Tracking Fire Scale and Containment Progress,Informational/Neutral,Fire Behavior and Status
chetco-bar,alteredhearts,@KGWNews why is there no coverage of the #ChetcoBarFire ? https://t.co/zIjTMPknu0,Public Accountability,,,,Media Amplification and Information Gaps,Informational/Neutral,Media and Information Sharing
chetco-bar,alteredhearts,@KATUNews Where are your reporters for the #ChetcoBarFire? https://t.co/zIjTMPknu0,Public Accountability,,,,Media Amplification and Information Gaps,Informational/Neutral,Media and Information Sharing
chetco-bar,alteredhearts,@fox12oregon Where are the updates for Oregon's/ country's largest fire #ChetcoBarFire ?https://t.co/zIjTMPknu0,Fire Progression,,,,Tracking Fire Scale and Containment Progress,Informational/Neutral,Media and Information Sharing
chetco-bar,alteredhearts,@ABCWorldNews why aren't you covering the largest fire in the country? #ChetcoBarFire #brookings is a small coastal town and needs help!,Public Accountability,,,,Media Amplification and Information Gaps,Informational/Neutral,Media and Information Sharing
chetco-bar,DrTomMartinPhD,"OREGON BURNS: Chetco Bar Fire grows to 167,000 acres, multiple evacuations issued for Brookings, Oregon. https://t.co/eunWFV5Sup #mSnBc #cNn",Fire Progression,Evacuation and immediate disruption,Neutral/Informational,Evacuation and public safety,Tracking Fire Scale and Containment Progress,Informational/Neutral,Media and Information Sharing
chetco-bar,alteredhearts,@KATUNews where are photos of the #ChetcoBarFire ?,Public Accountability,,,,Environmental Observation and Fire Spectacle,Engaged/Observational,Situational Awareness and Mapping
chetco-bar,alteredhearts,@GenevieveReaume @KATUNews @RedCross Who's helping the evacuee's of the #ChetcoBarFire ? People in #Brookings #Oregon need help too!,Public Accountability,,,,Media Amplification and Information Gaps,Informational/Neutral,Media and Information Sharing
chetco-bar,alteredhearts,@BMacTV @JohnKPTV please update us on the #ChetcoBarFire !! #brookingsoregon,Fire Progression,,,,"Personal Safety, Proximity, and Local Threat",Concerned/Anxious,Personal Experience and Community Impact
chetco-bar,alteredhearts,@Anna_Canzano how about an update on the #ChetcoBarFire in #Brookings Oregon,Fire Progression,,,,"Personal Safety, Proximity, and Local Threat",Informational/Neutral,Personal Experience and Community Impact
chetco-bar,ElizabethMeadow,I feel like we are in extreme #peril #ChetcoBarFire #Eaglecreekfire #MillerComplexfire #level4 @repgregwalden @mailtribune @ThatOregonLife https://t.co/oUWC07zkGq,Fire Progression,Seeking visibility and official action,Neutral/Informational,Fire status and operations,Media Amplification and Information Gaps,Informational/Neutral,Media and Information Sharing
chetco-bar,alteredhearts,Info on #ChetcoBarFire #brookings #kalmiopsiswilderness https://t.co/dMiYTGtCNk,Fire Progression,Seeking visibility and official action,Neutral/Informational,Fire status and operations,"Personal Safety, Proximity, and Local Threat",Informational/Neutral,Media and Information Sharing
chetco-bar,michaelbish,"Between the Chetco Bar Fire and this, the end of summer has been a bummer. https://t.co/516XKjpiFX",Fire Progression,Seeking visibility and official action,Neutral/Informational,Fire status and operations,Media Amplification and Information Gaps,Informational/Neutral,Media and Information Sharing
chetco-bar,Sushimom_10,@enviadventures @ForestServiceNW I doubt it. They already declared a state of emergency because they had all their crews on the Chetco Bar fire. They simply have none left.,Operational Coordination,,,,Firefighting Operations and Crew Deployment,Distressed/Urgent,Operational Response and Resources
chetco-bar,ElizabethMeadow,Smoke 24/7 for 2 weeks #wecantbreathe #pnwonfire #EagleCreekFire #ChetcoBarFire #MillerComplexfire #pelicanbuttefire @OregonGovBrown https://t.co/hTyEn9sZFW,Smoke / Air Quality,Living with smoke and threat,Alarm/Distress,"Smoke, weather, and air quality",Smoke Exposure and Air Quality Monitoring,Informational/Neutral,Smoke and Air Quality
chetco-bar,alteredhearts,@JohnKPTV how about info on the #ChetcoBarFire ? It's important to us too!,Fire Progression,,,,Tracking Fire Scale and Containment Progress,Informational/Neutral,Fire Behavior and Status
chetco-bar,cynthialowens,Could someone please inform DC that Oregon et al. are currently besieged with out of control wildfires? Could use a little help. #ChetcoBar,Fire Progression,Seeking visibility and official action,Alarm/Distress,"Requests, donations, and aid",Tracking Fire Scale and Containment Progress,Concerned/Anxious,Fire Behavior and Status
chetco-bar,cynthialowens,@mitchellvii Stay safe Bill - wish some of that rain would come our way - wildfires are out of control https://t.co/luqluoeBQ1 #ChetcoBar,Community Solidarity,,,,"Community Solidarity, Prayer, and Emotional Bonds",Grateful/Supportive,Weather and Environmental Conditions
chetco-bar,alteredhearts,@BLMOregon Why isn't there more info on the #ChetcoBarFire ?,Public Accountability,,,,Evacuation Orders and Displacement Experiences,Frustrated/Critical,Evacuation and Area Closures
chetco-bar,Chelisou,Matt Vercoe Credit #ChetcoBarFire #prayforus https://t.co/4gVSDjME3O,Fire Progression,"Solidarity, prayer, and gratitude",Alarm/Distress,Community solidarity and appreciation,Media Amplification and Information Gaps,Informational/Neutral,Media and Information Sharing
chetco-bar,barttels2,"@eturnermd1 @rojasburke Long discussion, but yeah. Eagle Creek, freak act of idiocy. Chetco Bar, reprehensible mismanagement. That &amp; rest: argument is to ⬆️ mgmt.",Public Accountability,,,,Institutional Accountability and Crisis Governance,Informational/Neutral,Institutional and Political Commentary
chetco-bar,ldjranch,"@RicksOpinion Well, you know what they say about opinions...
#ChetcoBarFire",Fire Progression,,,,Tracking Fire Scale and Containment Progress,Informational/Neutral,Fire Behavior and Status
chetco-bar,Leanneclement20,Chetco bar fire like a tragedy that keeps on going,Fire Progression,Seeking visibility and official action,Neutral/Informational,Fire status and operations,Tracking Fire Scale and Containment Progress,Informational/Neutral,Fire Behavior and Status
chetco-bar,dive328,#ChetcoBarFire https://t.co/GfNXHa1sNR,Fire Progression,Seeking visibility and official action,Neutral/Informational,Fire status and operations,Media Amplification and Information Gaps,Informational/Neutral,Media and Information Sharing
chetco-bar,ewoksamongus,"@Annod40 @RepGoodlatte #EagleCreekFire is just the newest. #ChetcoBarFire is over 150,000 acres here in SW Oregon. 60 fires in NW. Montana, Oregon, California etc",Fire Progression,,,,Tracking Fire Scale and Containment Progress,Informational/Neutral,Fire Behavior and Status
chetco-bar,ldjranch,#ChetcoBarFire  @LouDobbs @FoxBusiness @BretBaier @SpecialReport   @FoxNews https://t.co/c8Vni6HvyQ,Public Accountability,,,,Media Amplification and Information Gaps,Informational/Neutral,Media and Information Sharing
chetco-bar,ldjranch,"My little private horse ranch never had any handouts or subsidies. I will spend no more time on your BS. Blocked.
#ChetcoBarFire https://t.co/rYG0LbpA6F",Fire Progression,Seeking visibility and official action,Anger/Blame,Fire status and operations,Media Amplification and Information Gaps,Informational/Neutral,Media and Information Sharing
chetco-bar,alteredhearts,@GenevieveReaume @KATUNews @RedCross just seems like the #ChetcoBarFire has been put on the back burner for the news😳,Public Accountability,,,,Media Amplification and Information Gaps,Informational/Neutral,Media and Information Sharing
chetco-bar,alteredhearts,@GenevieveReaume @KATUNews it's still important to people who love that area of the Oregon coast. #ChetcoBarFire is effecting Brookings.,Fire Progression,,,,"Personal Safety, Proximity, and Local Threat",Grateful/Supportive,Personal Experience and Community Impact
chetco-bar,jerrymfray,E80R has seen more fire action this summer than it has in its entire life. #EagleCreekFire #ChetcoBarFire #neenaspringsfire https://t.co/mt9t4F8SKX,Fire Progression,Seeking visibility and official action,Neutral/Informational,Fire status and operations,Media Amplification and Information Gaps,Informational/Neutral,Media and Information Sharing
chetco-bar,webchickbot,@washingtonpost @nytimes @CNN #ChetcoBarFire #EagleCreekFire #CascadeLocks #oregonfires - Wildfires rage in Oregon - https://t.co/zc7IBPdhV9,Smoke / Air Quality,,,,Smoke Exposure and Air Quality Monitoring,Engaged/Observational,Media and Information Sharing
chetco-bar,ersreck,Are there any non-profits/relief funds to help out at #ORwildfires #chetcobarfire #EagleCreekFire? Would love to help with $$ or supplies.,Fire Progression,Seeking visibility and official action,Alarm/Distress,"Requests, donations, and aid",Tracking Fire Scale and Containment Progress,Grateful/Supportive,Fire Behavior and Status
chetco-bar,joyoy,There is a flake of cremated tree in my eye 😢🌲🔥 #cascadelocksfire #chetcobarfire,Fire Progression,Seeking visibility and official action,Neutral/Informational,Fire status and operations,Tracking Fire Scale and Containment Progress,Engaged/Observational,Fire Behavior and Status
chetco-bar,b3achgrl,#ChetcoBarFire #OregonFire https://t.co/ehFOD7Coae,Fire Progression,Seeking visibility and official action,Neutral/Informational,Fire status and operations,Media Amplification and Information Gaps,Informational/Neutral,Media and Information Sharing
chetco-bar,RoxannRider,Chetco Bar fire animal relief fund https://t.co/zK03EqmC6z,Fire Progression,Seeking visibility and official action,Hope/Reassurance,"Requests, donations, and aid","Community Solidarity, Prayer, and Emotional Bonds",Informational/Neutral,Media and Information Sharing
chetco-bar,ldjranch,#ChetcoBarFire 🔥 @LouDobbs @FoxBusiness @BretBaier @SpecialReport https://t.co/Ps5XKv1k9v,Fire Progression,,,,Media Amplification and Information Gaps,Informational/Neutral,Media and Information Sharing
chetco-bar,b3achgrl,"""You don’t use a sledgehammer to do your finish work."" Really?! #oregonfires #ChetcoBarFire #EagleCreekFire  https://t.co/oKQWjegwRc",Fire Progression,Seeking visibility and official action,Alarm/Distress,Fire status and operations,Media Amplification and Information Gaps,Informational/Neutral,Media and Information Sharing
chetco-bar,ersreck,"Good resource of where $, supplies, food are needed for  #ChetcoBarFire #ORwildfire and how you can help https://t.co/zvactrWL9M",Fire Progression,Seeking visibility and official action,Alarm/Distress,"Requests, donations, and aid",Media Amplification and Information Gaps,Informational/Neutral,Media and Information Sharing
chetco-bar,BornByTheSea,Like watching Armageddon pour over the ridge. #EagleCreek only a fraction of #ChetcoBarFire. #WeNeedRain #WeNeedControlledBurns https://t.co/8OmmKokSjt,Fire Progression,Seeking visibility and official action,Hope/Reassurance,"Smoke, weather, and air quality",Environmental Observation and Fire Spectacle,Engaged/Observational,Situational Awareness and Mapping
chetco-bar,ldjranch,#ChetcoBarFire  🔥  @LouDobbs @FoxBusiness @BretBaier @SpecialReport https://t.co/QKMoQMPtqB,Fire Progression,,,,Media Amplification and Information Gaps,Informational/Neutral,Media and Information Sharing
chetco-bar,beads_n_lace,@CBSEveningNews  WHY are you NOT reporting on the massive out of control wildfires in OREGON?? Chetco Bar Fire and the Eagle Creek Fire??,Public Accountability,,,,Media Amplification and Information Gaps,Informational/Neutral,Media and Information Sharing
chetco-bar,Sushimom_10,"@SurvivalNews4U It's not really Cali that's taking resources. It's the Chetco Bar fire. It's close to 2 good sized towns and over 150,000 acres",Fire Progression,,,,Tracking Fire Scale and Containment Progress,Informational/Neutral,Fire Behavior and Status
chetco-bar,Sushimom_10,@mdkalk @CNN And Cali is much worse than us. They're not going to cover a 5000ac fire when Chetco Bar is 150000ac,Fire Progression,,,,Media Amplification and Information Gaps,Informational/Neutral,Media and Information Sharing
chetco-bar,thomjohnson1,"I'm afraid we'll be saying Merry Christmas before this is over.
#ChetcoBarFire https://t.co/ycNyuspf9G",Fire Progression,Seeking visibility and official action,Alarm/Distress,Fire status and operations,Media Amplification and Information Gaps,Informational/Neutral,Media and Information Sharing
chetco-bar,TravellingTaff,@evieengland #panamandmore photos won't be any good for a while. The last few days have been a little #smoky because of the #ChetcoBarFire. https://t.co/IewX9QrnoX,Smoke / Air Quality,,,,Environmental Observation and Fire Spectacle,Engaged/Observational,Situational Awareness and Mapping
chetco-bar,EleriTMLH,"6) That would be the Chetco Bar Fire, which is at 167,513 acres, and is 5% contained.",Fire Progression,Seeking visibility and official action,Neutral/Informational,Fire status and operations,Tracking Fire Scale and Containment Progress,Informational/Neutral,Fire Behavior and Status
chetco-bar,ldjranch,"@Ready_Northwest Red Cross shelter for people impacted by #ChetcoBarFire : Brookings Church of the Nazarene 
1600 Chetco Ave 
Brookings, OR",Evacuation,,,,Evacuation Orders and Displacement Experiences,Informational/Neutral,Evacuation and Area Closures
chetco-bar,EleriTMLH,9) Most of these fires have less than 1000 people fighting them (Chetco Bar is at 1600).,Fire Progression,Seeking visibility and official action,Neutral/Informational,Fire status and operations,Tracking Fire Scale and Containment Progress,Informational/Neutral,Fire Behavior and Status
chetco-bar,AndreaSlominsk1,"@CNN oregon needs nelp! Chetco Bar Fire 🔥 out of control, please cover this!!!!!",Fire Progression,,,,Media Amplification and Information Gaps,Concerned/Anxious,Media and Information Sharing
chetco-bar,biff_schulz,"Another smoke filled day. 157,785 acres,chetco bar fire.10% contained as of today. https://t.co/XBq4lwTJVV",Fire Progression,Living with smoke and threat,Neutral/Informational,Fire status and operations,Tracking Fire Scale and Containment Progress,Informational/Neutral,Fire Behavior and Status
chetco-bar,Scrumhalf1,@Downriver5 It's nasty even in Portland. Extremely smoky and ash falling from the sky. How are you guys holding up down there with the #ChetcoBarFire ?,Smoke / Air Quality,,,,Smoke Exposure and Air Quality Monitoring,Engaged/Observational,Smoke and Air Quality
chetco-bar,TheBillPost,"Chetco Bar Fire at 176,000 acres but that's rural Oregon, oops. #orpol #oregonfires https://t.co/FaYrjUpaix",Fire Progression,Seeking visibility and official action,Neutral/Informational,Fire status and operations,Institutional Accountability and Crisis Governance,Informational/Neutral,Institutional and Political Commentary
chetco-bar,TheBillPost,"Chetco Bar Fire at 176,000 acres but it's too rural right? #oregonfires #orpol https://t.co/iN6GXzNcCH",Fire Progression,Seeking visibility and official action,Neutral/Informational,Fire status and operations,Institutional Accountability and Crisis Governance,Informational/Neutral,Institutional and Political Commentary
chetco-bar,Sushimom_10,@ceeweb I know they're moving crews in but you need to realize that like 90% of the fire crews were in Chetco Bar trying to save Brookings.,Operational Coordination,,,,Firefighting Operations and Crew Deployment,Informational/Neutral,Operational Response and Resources
chetco-bar,alteredhearts,#ChetcoBarFire https://t.co/bEtL9BRFRs,Fire Progression,Seeking visibility and official action,Neutral/Informational,Fire status and operations,Media Amplification and Information Gaps,Informational/Neutral,Media and Information Sharing
chetco-bar,InfoPasser,@ProudResister @INash2009 And The Pacific NorthWest is on fire #ChetcoBarFire,Smoke / Air Quality,,,,Smoke Exposure and Air Quality Monitoring,Engaged/Observational,Smoke and Air Quality
chetco-bar,punkyturkey9,@OregonGovBrown DO something about these fires! We have resources available! Our beautiful state is BURNING! #ChetcoBarFire #EagleCreekFire,Operational Coordination,,,,Tracking Fire Scale and Containment Progress,Informational/Neutral,Fire Behavior and Status
chetco-bar,TMDub22,@Leberneck @Rie69ly That chetco bar fire is nothing to fuck with.,Fire Progression,,,,Tracking Fire Scale and Containment Progress,Informational/Neutral,Fire Behavior and Status
chetco-bar,Dance_Dragonfly,"@KATUNews @FollowWIN Can we get her to comment on the fires in S. Oregon also?  Chetco Bar is at 150,000 acres, Horse Prairie is at 12,083!",Fire Progression,,,,Tracking Fire Scale and Containment Progress,Informational/Neutral,Fire Behavior and Status
chetco-bar,webchickbot,@CNN @nytimes Before and After photos of the Columbia Gorge between Washington and Oregon. #oregonfires #ChetcoBarFire #EagleCreekFire https://t.co/p77zCTXZZH,Smoke / Air Quality,,,,Smoke Exposure and Air Quality Monitoring,Engaged/Observational,Situational Awareness and Mapping
chetco-bar,the_Ferrett,"Oregon has over 350,000 acres of land burning, and half of that is being burned by the Chetco Bar Fire. Stay safe ODF and contract crews💨💦🔥",Fire Progression,Living with smoke and threat,Neutral/Informational,Fire status and operations,Tracking Fire Scale and Containment Progress,Informational/Neutral,Fire Behavior and Status
chetco-bar,sarahszuhay,Seeing my beautiful state burn is absolutely heartbreaking... #EagleCreekFire #ChetcoBarFire,Fire Progression,Seeking visibility and official action,Neutral/Informational,Fire status and operations,Tracking Fire Scale and Containment Progress,Informational/Neutral,Fire Behavior and Status
chetco-bar,Jenstro10,@nytimes @MSNBC Oregon is on fire. #ChetcoBarFire #EagleCreekFire #LaTunaFire,Fire Progression,,,,Media Amplification and Information Gaps,Informational/Neutral,Media and Information Sharing
chetco-bar,1badassblades,@Braveheart_USA @usfs_pnwrs @steph93065 @AppSame @CarmineZozzora @Lrihendry @ChristieC733 @LeahR77 @We_R_TheMedia @carrieksada @phil200269 @DrMartyFox largest u.s. forest fire 150000 acre chetco bar fire in southern Oregon could certainly benefit. Why aren't we getting the help that we need,Public Accountability,,,,Media Amplification and Information Gaps,Informational/Neutral,Weather and Environmental Conditions
chetco-bar,1badassblades,This would certainly help the 150000 acre chetco bar fire burning in southern Oregon. USFS NEEDS TO PULL THEIR HEADS OUT THEIR ASSES. https://t.co/XDscbBVrXN,Fire Progression,Seeking visibility and official action,Alarm/Distress,"Requests, donations, and aid",Tracking Fire Scale and Containment Progress,Informational/Neutral,Fire Behavior and Status
chetco-bar,byoliviacorin,When the smoke is so bad there are signs at the bank asking you to remove your masks. #fire #ChetcoBarFire,Smoke / Air Quality,Living with smoke and threat,Alarm/Distress,"Smoke, weather, and air quality",Smoke Exposure and Air Quality Monitoring,Informational/Neutral,Smoke and Air Quality
chetco-bar,johnhutchison20,I added a video to a @YouTube playlist https://t.co/ZkeIoqxlFN chetco bar fire nesika,Geospatial Mapping,,,,"Situational Maps, Photos, and Visual Briefings",Engaged/Observational,Situational Awareness and Mapping
chetco-bar,johnhutchison20,chetco bar fire 2: https://t.co/jpTzbaywpL via @YouTube,Fire Progression,,,,Media Amplification and Information Gaps,Informational/Neutral,Media and Information Sharing
chetco-bar,johnhutchison20,chetco bar fire nesika: https://t.co/ZkeIoqxlFN via @YouTube,Fire Progression,,,,Media Amplification and Information Gaps,Informational/Neutral,Media and Information Sharing
chetco-bar,johnhutchison20,chetco bar fire 2: https://t.co/jpTzbaywpL via @YouTube https://t.co/MMc87jK6Gc,Fire Progression,,,,Media Amplification and Information Gaps,Informational/Neutral,Media and Information Sharing
chetco-bar,johnhutchison20,chetco bar fire nesika: https://t.co/ZkeIoqxlFN via @YouTube https://t.co/Vagq2k0R7S,Fire Progression,,,,Media Amplification and Information Gaps,Informational/Neutral,Media and Information Sharing
chetco-bar,JasonSevennod,Haven’t seen a shadow in days.  #chetcobarfire Where did the sun go?,Fire Progression,Seeking visibility and official action,Anger/Blame,Fire status and operations,Tracking Fire Scale and Containment Progress,Informational/Neutral,Fire Behavior and Status
chetco-bar,robw_foster,@ersreck Some information on this page is out of date.  Best source for up to date info is the Chetco Bar Fire Help page on Facebook.,Fire Progression,,,,Tracking Fire Scale and Containment Progress,Informational/Neutral,Fire Behavior and Status
chetco-bar,kendean61,@SpecialReport talking about fires out west and no mention of the Chetco bar fire that has burned over 150 thousand acres. Smoke is choking!,Fire Progression,,,,Tracking Fire Scale and Containment Progress,Informational/Neutral,Fire Behavior and Status
chetco-bar,Jenstro10,@NBCNews @CNNnewsroom @washingtonpost @CBSNews The northwest is burning. We are on fire. #ChetcoBarFire #EagelCreekFire #OregonFire,Smoke / Air Quality,,,,Media Amplification and Information Gaps,Engaged/Observational,Media and Information Sharing
chetco-bar,Rex65209322,@RonWyden Federal money won't due anything. Take chetco bar fire for example at one point had 30 dozers and operator sitting they wouldn't let run,Public Accountability,,,,Firefighting Operations and Crew Deployment,Informational/Neutral,Operational Response and Resources
chetco-bar,sheloregon,"@AriShapiro
Fire agencies hold a community meeting to discuss Chetco Bar Fire https://t.co/aMMjwrWJwE",Fire Progression,,,,Media Amplification and Information Gaps,Informational/Neutral,Media and Information Sharing
chetco-bar,MrCarter503,https://t.co/9odFFnowrD,Fire Progression,,,,Media Amplification and Information Gaps,Informational/Neutral,Media and Information Sharing
chetco-bar,vtgirlinor,"Chetco Bar Fire bigger than Chicago, continues to grow https://t.co/vsUoKegJlg",Fire Progression,Seeking visibility and official action,Neutral/Informational,Fire status and operations,Media Amplification and Information Gaps,Informational/Neutral,Media and Information Sharing
chetco-bar,laws_teri,Chetco Bar Fire containment down 5 percent https://t.co/dAGIdmMEnr,Fire Progression,Seeking visibility and official action,Neutral/Informational,Fire status and operations,Tracking Fire Scale and Containment Progress,Informational/Neutral,Fire Behavior and Status
chetco-bar,PeptovonBismuth,We regret the omission. #ChetcoBarFire https://t.co/uCmmf6JjCy,Fire Progression,Seeking visibility and official action,Neutral/Informational,Fire status and operations,Media Amplification and Information Gaps,Informational/Neutral,Media and Information Sharing
chetco-bar,hongsomon,I liked a @YouTube video https://t.co/VDMnIfVrHg UPDATE TO FIRE ON THE MOUNTAIN: EXPOSING THE TRUTH ABOUT THE CHETCO BAR FIRE!,Geospatial Mapping,,,,"Situational Maps, Photos, and Visual Briefings",Informational/Neutral,Situational Awareness and Mapping
chetco-bar,kennethrlewis,UPDATE TO FIRE ON THE MOUNTAIN: EXPOSING THE TRUTH ABOUT THE CHETCO BAR ... https://t.co/M0fQ9YBTTf via @YouTube Learn the TRUTH!!!,Fire Progression,Sharing updates and resources,Neutral/Informational,Fire status and operations,Tracking Fire Scale and Containment Progress,Informational/Neutral,Media and Information Sharing
chetco-bar,kennethrlewis,UPDATE TO FIRE ON THE MOUNTAIN: EXPOSING THE TRUTH ABOUT THE CHETCO BAR ... https://t.co/M0fQ9YBTTf via @YouTube Worst day so far!,Fire Progression,Sharing updates and resources,Neutral/Informational,Fire status and operations,Tracking Fire Scale and Containment Progress,Informational/Neutral,Media and Information Sharing
chetco-bar,kennethrlewis,"UPDATE TO FIRE ON THE MOUNTAIN: EXPOSING THE TRUTH ABOUT THE CHETCO BAR ... https://t.co/M0fQ9YBTTf via @YouTube
The truth #EXPOSED!",Fire Progression,Sharing updates and resources,Neutral/Informational,Fire status and operations,Tracking Fire Scale and Containment Progress,Informational/Neutral,Media and Information Sharing
chetco-bar,kennethrlewis,"UPDATE TO FIRE ON THE MOUNTAIN: EXPOSING THE TRUTH ABOUT THE CHETCO BAR ... https://t.co/M0fQ9YBTTf via @YouTube
#ChetcoBarFire #travesty",Fire Progression,Sharing updates and resources,Neutral/Informational,Fire status and operations,Tracking Fire Scale and Containment Progress,Informational/Neutral,Media and Information Sharing
chetco-bar,TheWildLifeOV,UPDATE TO FIRE ON THE MOUNTAIN: EXPOSING THE TRUTH ABOUT THE CHETCO BAR ... https://t.co/45poJsDKRw via @YouTube,Fire Progression,Sharing updates and resources,Neutral/Informational,Fire status and operations,Tracking Fire Scale and Containment Progress,Informational/Neutral,Media and Information Sharing
chetco-bar,TheWildLifeOV,"UPDATE TO FIRE ON THE MOUNTAIN: EXPOSING THE TRUTH ABOUT THE CHETCO BAR ... https://t.co/45poJsDKRw via @YouTube
40 miles from us now!!",Fire Progression,Sharing updates and resources,Neutral/Informational,Fire status and operations,Tracking Fire Scale and Containment Progress,Informational/Neutral,Media and Information Sharing
chetco-bar,TheWildLifeOV,"UPDATE TO FIRE ON THE MOUNTAIN: EXPOSING THE TRUTH ABOUT THE CHETCO BAR ... https://t.co/45poJsDKRw via @YouTube
#forestservice created it!",Fire Progression,Sharing updates and resources,Neutral/Informational,Fire status and operations,Tracking Fire Scale and Containment Progress,Informational/Neutral,Media and Information Sharing
chetco-bar,JasonSevennod,Welcome to Mordor  #chetcobarfire,Fire Progression,Seeking visibility and official action,Neutral/Informational,Fire status and operations,Tracking Fire Scale and Containment Progress,Engaged/Observational,Fire Behavior and Status
chetco-bar,TheWildLifeOV,UPDATE TO FIRE ON THE MOUNTAIN: EXPOSING THE TRUTH ABOUT THE CHETCO BAR ... https://t.co/45poJsDKRw via @YouTube Listen to BOTH interviews!,Fire Progression,Sharing updates and resources,Neutral/Informational,Fire status and operations,Tracking Fire Scale and Containment Progress,Informational/Neutral,Media and Information Sharing
chetco-bar,mom2000_93550,@staciek323 Sad coincidence. Both my daughters homes too! #LaTunaFire  #ChetcoBarFire  #Praying,Fire Progression,,,,"Personal Safety, Proximity, and Local Threat",Concerned/Anxious,Personal Experience and Community Impact
chetco-bar,MarilynM,"@NBCNightlyNews Pls don't forget about #ChetcoBarFire in SW Oregon. 167,000 acres and only 5% contained.",Fire Progression,,,,Tracking Fire Scale and Containment Progress,Informational/Neutral,Fire Behavior and Status
chetco-bar,dive328,"#ChetcoBarFire

https://t.co/5ldLtd3Wag",Fire Progression,Seeking visibility and official action,Neutral/Informational,Fire status and operations,Media Amplification and Information Gaps,Informational/Neutral,Media and Information Sharing
chetco-bar,horridpoplyrics,"#oregonfires #WaWildfire #EagleCreekFire #ChetcoBarFire 
Pray for rain.",Community Solidarity,"Solidarity, prayer, and gratitude",Alarm/Distress,"Smoke, weather, and air quality","Personal Safety, Proximity, and Local Threat",Informational/Neutral,Weather and Environmental Conditions
chetco-bar,TMatthewEvans,"@nprmonkeysee Our beautiful, beautiful state is on fire. #ChetcoBarFire is nation's #1 priority wildfire now. 143,000 acres. Started on July 16. 1/",Fire Progression,,,,Tracking Fire Scale and Containment Progress,Informational/Neutral,Fire Behavior and Status
chetco-bar,ElaineReplogle,"#eugene AQI was 395 earlier today.   320,000 acres burning in #Oregon. #forestfires #EagleCreekFire #ChetcoBarFire #FireEverywhere https://t.co/NfzYFaO5yT",Fire Progression,Living with smoke and threat,Neutral/Informational,Fire status and operations,Tracking Fire Scale and Containment Progress,Informational/Neutral,Fire Behavior and Status
chetco-bar,SuHarrington1,The West is on fire. Chetco Bar fire is within 20 miles of my daughter and her family. Why isn't the news covering the Northwest?,Public Accountability,Seeking visibility and official action,Anger/Blame,Media and political accountability,Media Amplification and Information Gaps,Frustrated/Critical,Media and Information Sharing
chetco-bar,mkurfis,"@atlanticPDX Er, Chetco Bar fire. Point still stands.",Fire Progression,,,,Firefighting Operations and Crew Deployment,Informational/Neutral,Operational Response and Resources
chetco-bar,SuHarrington1,"@NewsHour Please cover the fires in the NW, like the Chetco Bar fire in Oregon and those in Washington and north and west of Redding, CA.",Smoke / Air Quality,,,,Smoke Exposure and Air Quality Monitoring,Concerned/Anxious,Smoke and Air Quality
chetco-bar,TheWildLifeOV,UPDATE TO FIRE ON THE MOUNTAIN: EXPOSING THE TRUTH ABOUT THE CHETCO BAR ... https://t.co/45poJsDKRw via @YouTube Are we going to let them???,Fire Progression,Sharing updates and resources,Neutral/Informational,Fire status and operations,Tracking Fire Scale and Containment Progress,Informational/Neutral,Media and Information Sharing
chetco-bar,TheWildLifeOV,UPDATE TO FIRE ON THE MOUNTAIN: EXPOSING THE TRUTH ABOUT THE CHETCO BAR ... https://t.co/45poJsDKRw via @YouTube #forestservice ROGUES!,Fire Progression,Sharing updates and resources,Neutral/Informational,Fire status and operations,Tracking Fire Scale and Containment Progress,Informational/Neutral,Media and Information Sharing
chetco-bar,RicksOpinion,"Chetco Bar Fire at 176,000 acres; scammers make fake notices to clear way for looting https://t.co/YjfSYSeveY via @salem_statesman",Fire Progression,Seeking visibility and official action,Neutral/Informational,Fire status and operations,Tracking Fire Scale and Containment Progress,Informational/Neutral,Media and Information Sharing
chetco-bar,TheWildLifeOV,UPDATE TO FIRE ON THE MOUNTAIN: EXPOSING THE TRUTH ABOUT THE CHETCO BAR ... https://t.co/45poJsDKRw via @YouTube Learn the truth!,Fire Progression,Sharing updates and resources,Neutral/Informational,Fire status and operations,Tracking Fire Scale and Containment Progress,Informational/Neutral,Media and Information Sharing
chetco-bar,kennethrlewis,UPDATE TO FIRE ON THE MOUNTAIN: EXPOSING THE TRUTH ABOUT THE CHETCO BAR ... https://t.co/M0fQ9YBTTf via @YouTube,Fire Progression,Sharing updates and resources,Neutral/Informational,Fire status and operations,Tracking Fire Scale and Containment Progress,Informational/Neutral,Media and Information Sharing
chetco-bar,kennethrlewis,"UPDATE TO FIRE ON THE MOUNTAIN: EXPOSING THE TRUTH ABOUT THE CHETCO BAR ... https://t.co/M0fQ9YBTTf via @YouTube
UPDATE #OREGON #INFERNO!",Fire Progression,Sharing updates and resources,Neutral/Informational,Fire status and operations,Tracking Fire Scale and Containment Progress,Informational/Neutral,Media and Information Sharing
chetco-bar,kennethrlewis,"UPDATE TO FIRE ON THE MOUNTAIN: EXPOSING THE TRUTH ABOUT THE CHETCO BAR ... https://t.co/M0fQ9YBTTf via @YouTube
Please SHARE THIS!",Fire Progression,Sharing updates and resources,Neutral/Informational,Fire status and operations,Tracking Fire Scale and Containment Progress,Informational/Neutral,Media and Information Sharing
chetco-bar,RaptorArts,2.5 miles up on the other side of the river from where we live. #ChetcoBarFire https://t.co/vWco2pXNPL,Fire Progression,Seeking visibility and official action,Anger/Blame,Fire status and operations,Media Amplification and Information Gaps,Informational/Neutral,Media and Information Sharing
chetco-bar,ORmom,"Chetco Bar Fire grows to 167,000 acres, multiple evacuations issued for Illinois Valley, Brookings area https://t.co/I0SPI9pYQj. 😢",Fire Progression,Evacuation and immediate disruption,Neutral/Informational,Evacuation and public safety,Tracking Fire Scale and Containment Progress,Informational/Neutral,Fire Behavior and Status
chetco-bar,lupusincolor_kw,#ChetcoBarFire https://t.co/0NiAwgVNgN,Fire Progression,Seeking visibility and official action,Neutral/Informational,Fire status and operations,Media Amplification and Information Gaps,Informational/Neutral,Media and Information Sharing
chetco-bar,lupusincolor_kw,#ChetcoBarFire https://t.co/CqBPS1LokE,Fire Progression,Seeking visibility and official action,Neutral/Informational,Fire status and operations,Media Amplification and Information Gaps,Informational/Neutral,Media and Information Sharing
chetco-bar,lupusincolor_kw,#ChetcoBarFire #thankthosefirefighters https://t.co/WF5bDN7Pr9,Operational Coordination,"Solidarity, prayer, and gratitude",Gratitude/Appreciation,Fire status and operations,Firefighting Operations and Crew Deployment,Informational/Neutral,Operational Response and Resources
chetco-bar,lupusincolor_kw,#ChetcoBarFire https://t.co/JWvM6jTeXQ,Fire Progression,Seeking visibility and official action,Neutral/Informational,Fire status and operations,Media Amplification and Information Gaps,Informational/Neutral,Media and Information Sharing
chetco-bar,lupusincolor_kw,Spent #LaborDay2017 at #SmithRiver near the #ChetcoBarFire. The smoke was so miserably thick. https://t.co/IVPo51mAHL,Smoke / Air Quality,Living with smoke and threat,Alarm/Distress,"Smoke, weather, and air quality",Smoke Exposure and Air Quality Monitoring,Informational/Neutral,Smoke and Air Quality
chetco-bar,Mother_Mela,"@realDonaldTrump do you even know that the #PacificNW is on fire? Do you care?
#OregonisonFire #columbiarivergorge #ChetcoBarFire #Wildfires https://t.co/ynQRlgbOHi",Public Accountability,,,,Media Amplification and Information Gaps,Frustrated/Critical,Media and Information Sharing
chetco-bar,ForestDenizen,"1373 fires in the west. The one nearest to me in southern Oregon (Chetco Bar) is 277 square miles, almost the size of NYC. https://t.co/pr5smPO5De",Fire Progression,Seeking visibility and official action,Neutral/Informational,Fire status and operations,Tracking Fire Scale and Containment Progress,Informational/Neutral,Media and Information Sharing
chetco-bar,ww_Jefferson_do,@katiemcraepdx @nytimes Testimony of USFS District Ranger's non-response to #ChetcoBarFire  https://t.co/6NSX61PjFI,Fire Progression,,,,Media Amplification and Information Gaps,Frustrated/Critical,Media and Information Sharing
chetco-bar,LTPthatsme,"Our hearts are w/you - sending much love hope blood sweat &amp; tears...

#Oregon #columbiagorge #ChetcoBarFire 
#wildfires #iSpeakForTheTrees https://t.co/bx5xq9mH7R",Community Solidarity,,,,Media Amplification and Information Gaps,Grateful/Supportive,Media and Information Sharing
chetco-bar,kdawgswift,@eartharch Any showers like it is calling for??? #ChetcoBarFire #oregonfires #OREGONWILDFIRES,Fire Progression,,,,Tracking Fire Scale and Containment Progress,Informational/Neutral,Fire Behavior and Status
chetco-bar,PurpleGimp,@LMWeidman @CraigCamp Yeah w/ #ChetcoBarFire still going strong all firefighting resources are stretched super thin so hoping emerg. declaration will help,Operational Coordination,,,,Firefighting Operations and Crew Deployment,Informational/Neutral,Operational Response and Resources
chetco-bar,wendythefox,@Tyrounds Holy cow - Rice Ridge and Chetco Bar! 🔥,Fire Progression,,,,Tracking Fire Scale and Containment Progress,Engaged/Observational,Fire Behavior and Status
chetco-bar,GregFromOregon,@itsmikebivins And yet the #chetcobarfire is 7 times larger and not getting anywhere near the coverage,Fire Progression,,,,Media Amplification and Information Gaps,Informational/Neutral,Media and Information Sharing
chetco-bar,June4Wanda,@ChrisJZullo Oregon is also on fire! Chetco Bar and Mount Hood!,Fire Progression,,,,Tracking Fire Scale and Containment Progress,Informational/Neutral,Fire Behavior and Status
chetco-bar,kennethrlewis,UPDATE TO FIRE ON THE MOUNTAIN: EXPOSING THE TRUTH ABOUT THE CHETCO BAR ... https://t.co/M0fQ9YBTTf via @YouTube The #TRUTH!!!,Fire Progression,Sharing updates and resources,Neutral/Informational,Fire status and operations,Tracking Fire Scale and Containment Progress,Informational/Neutral,Media and Information Sharing
chetco-bar,kennethrlewis,UPDATE TO FIRE ON THE MOUNTAIN: EXPOSING THE TRUTH ABOUT THE CHETCO BAR ... https://t.co/M0fQ9YBTTf via @YouTube County Official on #USFS!,Fire Progression,Sharing updates and resources,Neutral/Informational,Fire status and operations,Tracking Fire Scale and Containment Progress,Informational/Neutral,Media and Information Sharing
chetco-bar,kennethrlewis,"UPDATE TO FIRE ON THE MOUNTAIN: EXPOSING THE TRUTH ABOUT THE CHETCO BAR ... https://t.co/M0fQ9YBTTf via @YouTube 180,000 acres today!",Fire Progression,Sharing updates and resources,Neutral/Informational,Fire status and operations,Tracking Fire Scale and Containment Progress,Informational/Neutral,Media and Information Sharing
chetco-bar,kennethrlewis,"UPDATE TO FIRE ON THE MOUNTAIN: EXPOSING THE TRUTH ABOUT THE CHETCO BAR ... https://t.co/M0fQ9YBTTf via @YouTube Was this ""legal"" #ARSON???",Fire Progression,Sharing updates and resources,Neutral/Informational,Fire status and operations,Tracking Fire Scale and Containment Progress,Informational/Neutral,Media and Information Sharing
chetco-bar,kennethrlewis,"UPDATE TO FIRE ON THE MOUNTAIN: EXPOSING THE TRUTH ABOUT THE CHETCO BAR ... https://t.co/M0fQ9YBTTf via @YouTube
@billmeyershow",Fire Progression,Sharing updates and resources,Neutral/Informational,Fire status and operations,Tracking Fire Scale and Containment Progress,Informational/Neutral,Media and Information Sharing
chetco-bar,kennethrlewis,UPDATE TO FIRE ON THE MOUNTAIN: EXPOSING THE TRUTH ABOUT THE CHETCO BAR ... https://t.co/M0fQ9YBTTf via @YouTube These people need JAIL!,Fire Progression,Sharing updates and resources,Neutral/Informational,Fire status and operations,Tracking Fire Scale and Containment Progress,Informational/Neutral,Media and Information Sharing
chetco-bar,TheWildLifeOV,https://t.co/XST1RMuFdu  Watch UPDATE No. 2 of this video to find out exactly WHO in the #USFS is responsible for this fire! #ChetcoBarFire,Geospatial Mapping,Seeking visibility and official action,Anger/Blame,Fire status and operations,"Situational Maps, Photos, and Visual Briefings",Informational/Neutral,Situational Awareness and Mapping
chetco-bar,thomjohnson1,"@SenJeffMerkley #ChetcoBarFire. Should have been squashed at a handful of acres.
Why wasn't it?
Should timber ind ante up helos or planes?",Fire Progression,,,,Tracking Fire Scale and Containment Progress,Engaged/Observational,Fire Behavior and Status
chetco-bar,kdawgswift,@ORCoaches  Oregon coaches &amp; athletes trying to make a difference in #HoustonStrong despite #OREGONWILDFIRES #oregonfires #ChetcoBarFire https://t.co/2ZiiFnsblv,Fire Progression,,,,Media Amplification and Information Gaps,Informational/Neutral,Media and Information Sharing
chetco-bar,drcklake,"Good article, finally, on our situation. I am within 15 miles of the Chetco Bar fire that is the largest in the US. @DanielleRayne please RT https://t.co/RJdvF7Pngg",Fire Progression,Seeking visibility and official action,Alarm/Distress,"Requests, donations, and aid",Media Amplification and Information Gaps,Grateful/Supportive,Media and Information Sharing
chetco-bar,hopejoyandfaith,Here is some helpful information for your health during the Chetco Bar Fire. Curry County residents aren't used... https://t.co/FEywdIaIQW,Fire Progression,Seeking visibility and official action,Alarm/Distress,"Requests, donations, and aid",Media Amplification and Information Gaps,Informational/Neutral,Media and Information Sharing
chetco-bar,pattyeckroth,Our air is 310 and hazardous from Chetco Bar fire and we need air fire retardant here NOW!!!!:((( https://t.co/B4FRlBUpOg,Fire Progression,Living with smoke and threat,Alarm/Distress,Fire status and operations,Firefighting Operations and Crew Deployment,Informational/Neutral,Operational Response and Resources
chetco-bar,easyperformance,What a horrible thing to do! https://t.co/xJhP7HXUu9,Fire Progression,Seeking visibility and official action,Neutral/Informational,Fire status and operations,Media Amplification and Information Gaps,Informational/Neutral,Media and Information Sharing
chetco-bar,cynthialowens,"@mitchellvii Irma is bearing down on you, Chetco Bar Fire &amp; more on us out here, how about a Maga Meetup in Tennessee or something? So smokey here. #MAGA",Smoke / Air Quality,,,,Smoke Exposure and Air Quality Monitoring,Distressed/Urgent,Smoke and Air Quality
chetco-bar,robwpdx,Oregon has 1/2 US wildfire fighters now deployed. This fire started by fireworks. Very bad PDX air https://t.co/kWiIlM3URD. #ChetcoBar too. https://t.co/rHxsxGIb2G,Operational Coordination,Seeking visibility and official action,Alarm/Distress,Fire status and operations,Firefighting Operations and Crew Deployment,Informational/Neutral,Operational Response and Resources
chetco-bar,barttels2,"@sttawe @CapitolCurrents @OPB @ORDeptForestry Wrong fire. Eagle Creek, not Chetco Bar.",Fire Progression,,,,Tracking Fire Scale and Containment Progress,Informational/Neutral,Fire Behavior and Status
chetco-bar,webchickbot,"@cnn @nytimes @washingtonpost @usnews Wildfires in OR, MT, CA, CO, ID, NV, UT, WA, WY #ChetcoBarFire #EagleCreekFire #oregonfires #wildfires https://t.co/Q6jC9ljdFB",Smoke / Air Quality,,,,Media Amplification and Information Gaps,Engaged/Observational,Media and Information Sharing
chetco-bar,Jenstro10,@MSNBC @NBCNews @nytimes @washingtonpost Someone needs to cover that the west is burning #ChetcoBarFire #EagleCreekFire #IndianCreekFire,Smoke / Air Quality,,,,Media Amplification and Information Gaps,Engaged/Observational,Media and Information Sharing
chetco-bar,WendyReneeB13,This is some petty bullshit. #ChetcoBarFire #EagleCreekFire #iloveourfirefighters https://t.co/tRPgeafK04,Operational Coordination,"Solidarity, prayer, and gratitude",Neutral/Informational,Fire status and operations,Firefighting Operations and Crew Deployment,Grateful/Supportive,Operational Response and Resources
chetco-bar,Jenstro10,@AliVelshi @alroker #ChetcoBarFire #EagleCreekFire,Fire Progression,,,,Tracking Fire Scale and Containment Progress,Engaged/Observational,Fire Behavior and Status
chetco-bar,Leanneclement20,Mt emily is on fire. Closer than ever to residential homes. Must be burning homes on mt now.#ChetcoBarFire,Fire Progression,Living with smoke and threat,Anger/Blame,Fire status and operations,Tracking Fire Scale and Containment Progress,Informational/Neutral,Fire Behavior and Status
chetco-bar,LieningJake,Eerie Aerial Footage Captures Skies From Fires in Oregon | That Oregon Life https://t.co/IgqCfJhjfV via @thatoregonlife,Geospatial Mapping,Seeking visibility and official action,Neutral/Informational,Fire status and operations,"Situational Maps, Photos, and Visual Briefings",Informational/Neutral,Media and Information Sharing
chetco-bar,RetiredSurfman,"Almost 14% of Curry County Oregon has been consumed by the Chetco Bar Fire 176,770 Acres so far #Chetcobarfire #oregonfires #CurryCountyOR",Fire Progression,Seeking visibility and official action,Neutral/Informational,Fire status and operations,Tracking Fire Scale and Containment Progress,Informational/Neutral,Fire Behavior and Status
chetco-bar,sassenach5150,https://t.co/HHixr09E4D,Fire Progression,,,,Media Amplification and Information Gaps,Informational/Neutral,Media and Information Sharing
chetco-bar,barttels2,"@RyanPfeil ""Chetco Bar, burning on old burn scars in Kalmiopsis Wilderness, remains largest fire in the state @ 176,770 acres.""

Good ole wilderness.",Fire Progression,,,,Tracking Fire Scale and Containment Progress,Informational/Neutral,Fire Behavior and Status
chetco-bar,scolephoto,Just realized the #ChetcoBarFire is 1.75 miles away from 1 of the 2 redwood groves in SW Oregon. One threatened is outside of Alfred Loeb SP,Fire Progression,Living with smoke and threat,Alarm/Distress,Fire status and operations,Tracking Fire Scale and Containment Progress,Informational/Neutral,Fire Behavior and Status
chetco-bar,barttels2,@andrewtheen @Oregonian @OregonDEQ Rogue Valley: pure ugly hazardous. Probably 25 fires around us &amp; Chetco Bar due west. On slide since Aug 13 &amp; probably not over till Oct.,Fire Progression,,,,Smoke Exposure and Air Quality Monitoring,Informational/Neutral,Smoke and Air Quality
chetco-bar,wordpuppet,Here's a list of 65 large fires burning in the West. The #ChetcoBarFire is larger than all of WA or ID's fires. https://t.co/vNATZsb4v0,Fire Progression,Living with smoke and threat,Neutral/Informational,Fire status and operations,Tracking Fire Scale and Containment Progress,Informational/Neutral,Fire Behavior and Status
chetco-bar,markadams74,That's crazy! Thanks to all firefighters in Oregon! #EagleCreekFire #ChetcoBarFire @KateBrownForOR https://t.co/AvKGOM29Se,Operational Coordination,"Solidarity, prayer, and gratitude",Gratitude/Appreciation,Community solidarity and appreciation,Firefighting Operations and Crew Deployment,Grateful/Supportive,Operational Response and Resources
chetco-bar,webchickbot,Particulates caused by fires in Western US and Hurricane Irma https://t.co/2NKftqlDph #ChetcoBarFire #EagleCreekFire #oregonfires #wildfires https://t.co/AbbbkRk9w0,Smoke / Air Quality,Seeking visibility and official action,Neutral/Informational,Fire status and operations,Smoke Exposure and Air Quality Monitoring,Informational/Neutral,Smoke and Air Quality
chetco-bar,kennethrlewis,"#ChetcoBarFire in #Oregon goes #viral! WHO is responsible for it?
https://t.co/M0fQ9YBTTf",Fire Progression,Seeking visibility and official action,Alarm/Distress,Fire status and operations,Media Amplification and Information Gaps,Informational/Neutral,Media and Information Sharing
chetco-bar,kennethrlewis,"Read the latest UPDATE on the #Chetco Bar Fire raging in #Oregon. Billions in timber lost!
https://t.co/M0fQ9YTvhP",Fire Progression,Sharing updates and resources,Neutral/Informational,Fire status and operations,Tracking Fire Scale and Containment Progress,Informational/Neutral,Media and Information Sharing
chetco-bar,ShellyCorbit,@OregonGovBrown It's devastating all over the state! #ChetcoBarFire maybe you could support those crews as well. You missed the boat.,Operational Coordination,,,,Firefighting Operations and Crew Deployment,Distressed/Urgent,Operational Response and Resources
chetco-bar,pencheno,"@Oregon_GOP Did I not have a friend in Brookings, I would have been unaware of Chetco Bar fire, much larger than Eagle Creek. Not here in PDX, not news.",Public Accountability,,,,Media Amplification and Information Gaps,Informational/Neutral,Media and Information Sharing
chetco-bar,cynthialowens,"@Winstonchurchil @mitchellvii I got old in part by erring on the side of caution. I'd evacuate from Irma, and most likely will be evacuating myself soon from Chetco Bar.",Evacuation,,,,Evacuation Orders and Displacement Experiences,Informational/Neutral,Evacuation and Area Closures
chetco-bar,OneHourShowerOF,"All this smoke from the Chetco bar fire is giving me pretty bad health issues, I've been sick for like a week now 🤒",Fire Progression,Living with smoke and threat,Alarm/Distress,"Smoke, weather, and air quality",Smoke Exposure and Air Quality Monitoring,Informational/Neutral,Smoke and Air Quality
chetco-bar,QuaidWalters,"Yes there is rain.....also lightning, Chetco Bar was started by lightning...",Fire Progression,Seeking visibility and official action,Hope/Reassurance,"Smoke, weather, and air quality","Personal Safety, Proximity, and Local Threat",Informational/Neutral,Weather and Environmental Conditions
chetco-bar,wash_gton,"Oregon's ""let it burn"" policy sucks! 
They let a snag burn and the wind 
got up, hence the 170k acre 😥 #ChetcoBarFire",Fire Progression,Seeking visibility and official action,Neutral/Informational,"Smoke, weather, and air quality",Institutional Accountability and Crisis Governance,Informational/Neutral,Weather and Environmental Conditions
chetco-bar,LeslieSwinford,Praying for those near the #eaglecreekfire and #ChetcoBarFire. Air quality is bad in #portland but dangerous in #Medford and #Grantspass.,Smoke / Air Quality,Living with smoke and threat,Alarm/Distress,"Smoke, weather, and air quality",Smoke Exposure and Air Quality Monitoring,Distressed/Urgent,Smoke and Air Quality
chetco-bar,LoveIsLikeJazz,"@KCookKGW @OregonDOT So, first some firefighters down at the Chetco Bar fire got their equipment stolen, and now this?? 🤬",Operational Coordination,,,,Firefighting Operations and Crew Deployment,Informational/Neutral,Operational Response and Resources
chetco-bar,oregoncoast227,Can you send them to Brookings please? The Chetco Bar fire is pretty scary too. https://t.co/ATPTNy8s5s,Fire Progression,Seeking visibility and official action,Alarm/Distress,"Requests, donations, and aid","Personal Safety, Proximity, and Local Threat",Concerned/Anxious,Media and Information Sharing
chetco-bar,Gordononly,@Zaffino @KGWNews Hopefully this helps the #ChetcoBarFire,Community Solidarity,,,,Media Amplification and Information Gaps,Engaged/Observational,Media and Information Sharing
chetco-bar,wash_gton,"U.S. Forest Service ""let it burn"" policy reason for #ChetcoBarFire in Oregon.
@realDonaldTrump @SpeakerRyan https://t.co/pkgq3JhTYS",Public Accountability,Seeking visibility and official action,Neutral/Informational,Media and political accountability,Institutional Accountability and Crisis Governance,Frustrated/Critical,Institutional and Political Commentary
chetco-bar,barttels2,"@Jeffmapes Jeff, have you seen the USFS documentation on its response to Chetco Bar? If not, you should. Tells the story.",Geospatial Mapping,,,,"Situational Maps, Photos, and Visual Briefings",Informational/Neutral,Situational Awareness and Mapping
chetco-bar,kennethrlewis,HOME MOVIES CHETCO BAR FIRE 09 06 17 https://t.co/3CBI6DXQNz via @YouTube,Fire Progression,,,,Media Amplification and Information Gaps,Informational/Neutral,Media and Information Sharing
chetco-bar,kennethrlewis,"HOME MOVIES CHETCO BAR FIRE 09 06 17 https://t.co/3CBI6DXQNz via @YouTube This fire is nearing 180,000 acres in size!",Fire Progression,,,,Tracking Fire Scale and Containment Progress,Informational/Neutral,Media and Information Sharing
chetco-bar,kennethrlewis,HOME MOVIES CHETCO BAR FIRE 09 06 17 https://t.co/3CBI6DXQNz via @YouTube A true (unnatural) disaster!,Fire Progression,,,,Media Amplification and Information Gaps,Informational/Neutral,Media and Information Sharing
chetco-bar,bqdub,These 🌲 🔥 taking my smokey eye to a whole notha level 🐼😳 #oregonfires #ChetcoBarFire #gorgefire #oregonisonfire,Smoke / Air Quality,Living with smoke and threat,Alarm/Distress,"Smoke, weather, and air quality",Smoke Exposure and Air Quality Monitoring,Engaged/Observational,Smoke and Air Quality
chetco-bar,delic8flower75,And the crackling of the fire that is the western states. #EagleCreekFire #ChetcoBarFire #washingtonfires https://t.co/xIXCSEmMht,Smoke / Air Quality,Living with smoke and threat,Neutral/Informational,"Smoke, weather, and air quality",Smoke Exposure and Air Quality Monitoring,Informational/Neutral,Smoke and Air Quality
chetco-bar,sophieowingss,I'm so proud of him for fighting the fire. But I'm ready for him to come home! ❤️😭 #ChetcoBarFire #3weekstogo https://t.co/t2Sli9Hx3V,Community Solidarity,Evacuation and immediate disruption,Neutral/Informational,Fire status and operations,"Community Solidarity, Prayer, and Emotional Bonds",Grateful/Supportive,Media and Information Sharing
chetco-bar,tweettweetnm,"@donlemon - please report on the #Chetco Bar Fire🔥 in Southern Oregon. Over 185,000 acres burned. No coverage on national level. Thank you!",Fire Progression,,,,Media Amplification and Information Gaps,Informational/Neutral,Media and Information Sharing
chetco-bar,jenniferkali,"Other 🔥 still burning across our state like #ChetcoBarFire now 176,000+ acres; 🙏 to first responders #OregonFires https://t.co/arGuwjqryz",Fire Progression,Living with smoke and threat,Neutral/Informational,Fire status and operations,Tracking Fire Scale and Containment Progress,Grateful/Supportive,Fire Behavior and Status
chetco-bar,ww_Jefferson_do,"Massive consequences of Fed's failed ""management"" policies and inept decisions = more like a massive life-extinction event. #ChetcoBarFire https://t.co/D6EivNKb3H",Public Accountability,Seeking visibility and official action,Anger/Blame,Fire status and operations,Firefighting Operations and Crew Deployment,Frustrated/Critical,Operational Response and Resources
chetco-bar,Janner99362,"#ChetcoBarFire @forestservice @USDA @Interior #OregonFire USFS 'let it burn' destroys, sterilizes ground... MANAGE, don't NEGLECT https://t.co/cVwvikw8MV",Fire Progression,,,,Media Amplification and Information Gaps,Informational/Neutral,Media and Information Sharing
chetco-bar,ww_Jefferson_do,"Have conditions become so bad that there's no longer any air support to extinguish #OregonWildfires, esp. the #ChetcoBarFire? God help us! https://t.co/VL8gF5WKAm",Community Solidarity,Seeking visibility and official action,Alarm/Distress,"Requests, donations, and aid","Community Solidarity, Prayer, and Emotional Bonds",Distressed/Urgent,Media and Information Sharing
chetco-bar,ww_Jefferson_do,"Point of reference from last Sunday, 9/3/2017 re: the devastating #ChetcoBarFire https://t.co/hZfLfQMd8o",Fire Progression,Seeking visibility and official action,Neutral/Informational,Fire status and operations,Media Amplification and Information Gaps,Distressed/Urgent,Media and Information Sharing
chetco-bar,biff_schulz,"Smoke from the chetco bar fire along hwy 101 looking north. Current size 178,879 acres. 260 square miles. https://t.co/vK6msSB4oi",Fire Progression,Living with smoke and threat,Neutral/Informational,Fire status and operations,Tracking Fire Scale and Containment Progress,Informational/Neutral,Fire Behavior and Status
chetco-bar,kennethrlewis,HOME MOVIES CHETCO BAR FIRE 09.06.17 https://t.co/3CBI6DXQNz via @YouTube,Fire Progression,,,,Media Amplification and Information Gaps,Informational/Neutral,Media and Information Sharing
chetco-bar,kennethrlewis,HOME MOVIES CHETCO BAR FIRE 09.06.17 https://t.co/3CBI6DXQNz via @YouTube Air quality still #hazardous here this morning. Hoping for rain!,Smoke / Air Quality,,,,Smoke Exposure and Air Quality Monitoring,Informational/Neutral,Media and Information Sharing
chetco-bar,kennethrlewis,"HOME MOVIES CHETCO BAR FIRE 09.06.17 https://t.co/3CBI6DXQNz via @YouTube #Lightning caused, but MAN MADE. By the #USFS.",Fire Progression,,,,Media Amplification and Information Gaps,Informational/Neutral,Media and Information Sharing
chetco-bar,kennethrlewis,"HOME MOVIES CHETCO BAR FIRE 09.06.17 https://t.co/3CBI6DXQNz via @YouTube #ChetcoBarFire #OregonOnFire ""Let it burn"" #USFS policy!",Fire Progression,,,,Media Amplification and Information Gaps,Informational/Neutral,Media and Information Sharing
chetco-bar,kennethrlewis,"HOME MOVIES CHETCO BAR FIRE 09.06.17 https://t.co/3CBI6DXQNz via @YouTube We call this ""Gang Green"" here in #Oregon &amp; #USFS is the Godfather",Fire Progression,,,,Media Amplification and Information Gaps,Informational/Neutral,Media and Information Sharing
chetco-bar,kennethrlewis,"HOME MOVIES CHETCO BAR FIRE 09.06.17 https://t.co/3CBI6DXQNz via @YouTube ""Black is the new Green"" here in #Oregon!",Fire Progression,,,,Media Amplification and Information Gaps,Informational/Neutral,Media and Information Sharing
chetco-bar,kennethrlewis,HOME MOVIES CHETCO BAR FIRE 09.06.17 https://t.co/3CBI6DXQNz via @YouTube Smoke so thick you can't see the mountains!,Smoke / Air Quality,,,,Smoke Exposure and Air Quality Monitoring,Informational/Neutral,Media and Information Sharing
chetco-bar,barttels2,"@Oregonian Same percentage contained as the nation's biggest wildfire, Chetco Bar, active since July 13 &amp; bungled by USFS.",Fire Progression,,,,Tracking Fire Scale and Containment Progress,Grateful/Supportive,Fire Behavior and Status
chetco-bar,selmarose40,funny how you never mention the Chetco Bar Fire.. 176thousand + acres.. allowed to burn out of control.. until winter rains come.. bah... https://t.co/3Y25WMkd55,Fire Progression,Seeking visibility and official action,Neutral/Informational,Fire status and operations,Tracking Fire Scale and Containment Progress,Informational/Neutral,Fire Behavior and Status
chetco-bar,SJ_Eblen,ITS RAINING!!!!  #ChetcoBarFire,Fire Progression,Seeking visibility and official action,Hope/Reassurance,"Smoke, weather, and air quality","Personal Safety, Proximity, and Local Threat",Engaged/Observational,Weather and Environmental Conditions
chetco-bar,toriallison,@alroker flood watch in the pacific NW? We're dry and on fire. #EagleCreekWildfire #ChetcoBarFire,Fire Progression,,,,Environmental Observation and Fire Spectacle,Informational/Neutral,Situational Awareness and Mapping
chetco-bar,EldawenEmileia,@gingernifty High Cascades Complex and Chetco Bar being our main sources of smoke... I think.,Smoke / Air Quality,,,,Smoke Exposure and Air Quality Monitoring,Informational/Neutral,Smoke and Air Quality
chetco-bar,jilliananne1,It is raining!! #ChetcoBarFire,Fire Progression,Seeking visibility and official action,Hope/Reassurance,"Smoke, weather, and air quality","Personal Safety, Proximity, and Local Threat",Engaged/Observational,Weather and Environmental Conditions
chetco-bar,paulcolvin,"@conradjwilson Number One with a firecracker. Also, does that mean that the #ChetcoBarFire is Number Two?",Fire Progression,,,,Tracking Fire Scale and Containment Progress,Informational/Neutral,Fire Behavior and Status
chetco-bar,publiclandlvr,@maxoregonian There have been thefts of uniforms and equipment from the #ChetcoBarFire too.,Fire Progression,,,,Tracking Fire Scale and Containment Progress,Informational/Neutral,Fire Behavior and Status
chetco-bar,mishabendavid,My son lives downwind of the #ChetcoBarFire  and can barely breathe. this nightmare is killing people and as usual Trump doesn't care at all https://t.co/apz9pjbZ0e,Public Accountability,Seeking visibility and official action,Alarm/Distress,"Smoke, weather, and air quality",Institutional Accountability and Crisis Governance,Distressed/Urgent,Weather and Environmental Conditions
chetco-bar,LauraYarris,#ChetcoBarFire we needed this.. https://t.co/cOKSSKsXag,Fire Progression,Seeking visibility and official action,Neutral/Informational,Fire status and operations,Media Amplification and Information Gaps,Informational/Neutral,Media and Information Sharing
chetco-bar,paulcolvin,"Eagle Creek Fire: ""I'm Number One now.""

Chetco Bar Fire: ""So what am I, chopped liver?""

#EagleCreekFire #ChetcoBarFire #talkingfires #pdx",Fire Progression,Seeking visibility and official action,Anger/Blame,Fire status and operations,"Personal Safety, Proximity, and Local Threat",Informational/Neutral,Personal Experience and Community Impact
chetco-bar,scolephoto,"@ZachsORoutdoors Hey, BTW, the Chetco Bar fire is within 1.75 miles of one of the redwood groves (near Alfred Loeb SP) you wrote about during the last year.",Fire Progression,,,,Tracking Fire Scale and Containment Progress,Informational/Neutral,Fire Behavior and Status
chetco-bar,MichelleBlum,My rain dance paid off! Let's hope this storm puts out the fires and the lightning doesn't start more. #ChetcoBarFire,Community Solidarity,Seeking visibility and official action,Hope/Reassurance,"Smoke, weather, and air quality","Personal Safety, Proximity, and Local Threat",Informational/Neutral,Weather and Environmental Conditions
chetco-bar,annamarum,This is an invaluable tool. #EagleCreekFire #ChetcoBarFire https://t.co/NymnwhWZEE,Fire Progression,Seeking visibility and official action,Neutral/Informational,Fire status and operations,Media Amplification and Information Gaps,Informational/Neutral,Media and Information Sharing
chetco-bar,LadiesHandbag,"Simple Wildfire Survival Tips - https://t.co/ZTKMyYe1qE via @Shareaholic
#oregon #wildfire #survival #tips #chetcobar",Fire Progression,,,,Media Amplification and Information Gaps,Informational/Neutral,Media and Information Sharing
chetco-bar,DrBudPierce,Why is #Oregon experiencing such devastating #ForestFires? https://t.co/O4WmxIq9pX  #EagleCreekFire #ChetcoBarFire #drbudpierce #orpol,Public Accountability,Seeking visibility and official action,Alarm/Distress,Fire status and operations,Institutional Accountability and Crisis Governance,Distressed/Urgent,Institutional and Political Commentary
chetco-bar,ReadingItAll,The latest The YA Book Review Daily! https://t.co/EUX5rFDUGG Thanks to @TotalBookaholic @danasquare @booksandwine #arsl2017 #chetcobarfire,Fire Progression,,,,Tracking Fire Scale and Containment Progress,Informational/Neutral,Media and Information Sharing
chetco-bar,InfoPasser,@shehadmorevotes @TheDemCoalition @OregonGovBrown @realDonaldTrump I live 5 miles from #ChetcoBarFire...we can't breathe,Public Accountability,,,,"Personal Safety, Proximity, and Local Threat",Frustrated/Critical,Personal Experience and Community Impact
chetco-bar,LorieMeacham,Equipment worth thousands of dollars stolen from crews fighting Chetco Bar Fire https://t.co/8LFONDXxhT via @@KGWNews,Operational Coordination,Seeking visibility and official action,Neutral/Informational,Fire status and operations,Media Amplification and Information Gaps,Informational/Neutral,Media and Information Sharing
chetco-bar,AdreanaInLB,#ChetCoBarFire But @DavidBriggsSpdx called me names when I pointed out who he voted for - Ha! https://t.co/YOsPILGGvI,Fire Progression,,,,Media Amplification and Information Gaps,Informational/Neutral,Media and Information Sharing
chetco-bar,vicmicsamlupe,Sutter Health donates to Red Cross for Chetco Bar Fire Relief https://t.co/gIXvHTBqUN #TeamSutter https://t.co/QuruDksc6h,Fire Progression,Sharing updates and resources,Hope/Reassurance,"Requests, donations, and aid","Community Solidarity, Prayer, and Emotional Bonds",Grateful/Supportive,Media and Information Sharing
chetco-bar,sassenach5150,@HappyLand_96 https://t.co/HHixr09E4D,Fire Progression,,,,Media Amplification and Information Gaps,Informational/Neutral,Media and Information Sharing
chetco-bar,sassenach5150,But chetco bar fire is not near Portland it's in southern Oregon https://t.co/3DprLaOM70,Fire Progression,Seeking visibility and official action,Anger/Blame,Fire status and operations,Media Amplification and Information Gaps,Informational/Neutral,Media and Information Sharing
chetco-bar,mollbee2,Can we use SuperTanker for Eagle Creek+Chetco Bar fires? Pls? World's largest firefighting aircraft @KateBrownForOR  https://t.co/EHculxzXNZ,Operational Coordination,Seeking visibility and official action,Alarm/Distress,Fire status and operations,Firefighting Operations and Crew Deployment,Informational/Neutral,Operational Response and Resources
chetco-bar,mollbee2,Can we use SuperTanker for Eagle Creek+Chetco Bar fires? Pls? World's largest firefighting aircraft @RonWyden  https://t.co/EHculxzXNZ,Operational Coordination,Seeking visibility and official action,Alarm/Distress,Fire status and operations,Firefighting Operations and Crew Deployment,Informational/Neutral,Operational Response and Resources
chetco-bar,mollbee2,Can we use SuperTanker for Eagle Creek+Chetco Bar fires? Pls? World's largest firefighting aircraft @RWInternPDX,Operational Coordination,Seeking visibility and official action,Alarm/Distress,Fire status and operations,Firefighting Operations and Crew Deployment,Informational/Neutral,Operational Response and Resources
chetco-bar,mollbee2,"Pls explore this topic! SuperTanker, World's largest firefighting aircraft. Hope 4 Eagle Creek+Chetco Bar! @KGWNews  https://t.co/EHculxzXNZ",Operational Coordination,Seeking visibility and official action,Hope/Reassurance,Fire status and operations,Firefighting Operations and Crew Deployment,Informational/Neutral,Operational Response and Resources
chetco-bar,Janner99362,"Reprehensible #ChetcoBarFire #oregonfires #OREGONWILDFIRES #oregonfires 
https://t.co/BXfFtgvIP7",Fire Progression,Seeking visibility and official action,Neutral/Informational,Fire status and operations,Media Amplification and Information Gaps,Informational/Neutral,Media and Information Sharing
chetco-bar,katrinaupton2,Cate Road Survivor #ChetcoBarFire https://t.co/vU1KA8CA7b,Fire Progression,Seeking visibility and official action,Neutral/Informational,Fire status and operations,Media Amplification and Information Gaps,Informational/Neutral,Media and Information Sharing
chetco-bar,ScottInSacto,"@SiriusTraveling Hi Sirius, did the rain help today with the Chetco Bar Fire? Is it still very smoky?",Smoke / Air Quality,,,,"Personal Safety, Proximity, and Local Threat",Informational/Neutral,Weather and Environmental Conditions
chetco-bar,InfoPasser,@RealMuckmaker He denied help in Oregon as well. #ChetcoBarFire @realDonaldTrump @POTUS,Public Accountability,,,,Institutional Accountability and Crisis Governance,Frustrated/Critical,Institutional and Political Commentary
chetco-bar,na8sadbul,"@brandon_sw4 @ajplus Well they also clearly forgot the Chetco Bar in OR. Which I mean, yeah, I can see how you might forget it. Only like 177,000 acres",Fire Progression,,,,Tracking Fire Scale and Containment Progress,Informational/Neutral,Fire Behavior and Status
chetco-bar,EVolutionary_CA,"@KayD151 @VanJones68 @CNN Take the #ChetcoBarFire in SW Oregon for example. 100,000+ acres🔥🔥🔥. The smoke is so extensive it's getting swept up into the jet stream &amp;",Fire Progression,,,,Tracking Fire Scale and Containment Progress,Engaged/Observational,Fire Behavior and Status
chetco-bar,RolandAtNight,@OPB Odd quote from Brown; FEMA approved funds for #ChetcoBarFire on 8/21 https://t.co/uxKc4IFA9R #EagleCreekFire 9/5 https://t.co/D31KENHgGq 🤔🤔,Fire Progression,,,,Media Amplification and Information Gaps,Informational/Neutral,Media and Information Sharing
chetco-bar,NaomiAElliott,"@Payyyneportter2 @AcaciaBrinley are they just not gonna mention the 176,000 acre chetco bar fire that is 4 miles from my home town? i guarantee it's one of the biggest-",Fire Progression,,,,"Personal Safety, Proximity, and Local Threat",Concerned/Anxious,Personal Experience and Community Impact
chetco-bar,Janner99362,"Plz notice ""extremists"" there IS a sane way to manage, middle ground. Levity is good in tough times
#ChetcoBarFire #oregonfires https://t.co/eDOO4zF6Q7",Fire Progression,Seeking visibility and official action,Anger/Blame,Fire status and operations,Media Amplification and Information Gaps,Informational/Neutral,Media and Information Sharing
chetco-bar,sfcdavidpeters,"USArmy: RT DeptofDefense: More than 430 OregonGuard #CitizenSoldiers and #CitizenAirmen battle the #ChetcoBarFire,… https://t.co/p4CsgZVVJP",Fire Progression,Seeking visibility and official action,Neutral/Informational,Fire status and operations,Media Amplification and Information Gaps,Informational/Neutral,Media and Information Sharing
chetco-bar,BulginTiffany,"Oregon fires: Latest from Chetco Bar Fire, Eagle Creek Fire, Whitewater Fire and more https://t.co/IEFYoAaAsK via @Salem_Statesman",Fire Progression,Seeking visibility and official action,Neutral/Informational,Fire status and operations,Media Amplification and Information Gaps,Informational/Neutral,Media and Information Sharing
chetco-bar,appellekbroady,Sutter Health donates to Red Cross for Chetco Bar Fire Relief https://t.co/grsltulKNy #TeamSutter https://t.co/DyOUSs8MiA,Fire Progression,Sharing updates and resources,Hope/Reassurance,"Requests, donations, and aid","Community Solidarity, Prayer, and Emotional Bonds",Grateful/Supportive,Media and Information Sharing
chetco-bar,InfoPasser,"My area is burning #ChetcoBarFire , but I am still thinking of #Harvey victims..❤",Community Solidarity,Living with smoke and threat,Neutral/Informational,Community solidarity and appreciation,Tracking Fire Scale and Containment Progress,Informational/Neutral,Fire Behavior and Status
chetco-bar,mellivora1,Southern Oregon's Chetco Bar fire now nation's 'top priority wildfire' https://t.co/kECaaZGsTa #esm308murphy,Fire Progression,Seeking visibility and official action,Anger/Blame,Fire status and operations,Media Amplification and Information Gaps,Informational/Neutral,Media and Information Sharing
chetco-bar,tychu999,We can see the sky again for now #ChetcoBarFire https://t.co/wK1zbBUpbP,Fire Progression,Living with smoke and threat,Anger/Blame,Personal experience and disruption,Environmental Observation and Fire Spectacle,Informational/Neutral,Situational Awareness and Mapping
chetco-bar,BigZav,Sutter Health donates to Red Cross for Chetco Bar Fire Relief https://t.co/zQhBLcbv50 #TeamSutter https://t.co/pXJlm1rXpF,Fire Progression,Sharing updates and resources,Hope/Reassurance,"Requests, donations, and aid","Community Solidarity, Prayer, and Emotional Bonds",Grateful/Supportive,Media and Information Sharing
chetco-bar,b3achgrl,Infinite thanks to our firefighters! #oregonfires #ChetcoBarFire #EagleCreekFire https://t.co/08234YYey2,Operational Coordination,"Solidarity, prayer, and gratitude",Gratitude/Appreciation,Community solidarity and appreciation,Firefighting Operations and Crew Deployment,Grateful/Supportive,Operational Response and Resources
chetco-bar,iff_or,"While focus right now is on Eagle Creek fire, Chetco Bar is over 5x the acreage, has been burning almost 10x as long https://t.co/zy8hTjtCam https://t.co/X1rVtqlZXk",Fire Progression,Living with smoke and threat,Anger/Blame,Fire status and operations,Tracking Fire Scale and Containment Progress,Informational/Neutral,Fire Behavior and Status
chetco-bar,truthbyDW,Oregon Governor: Feds Refused Additional Aid For Wildfires https://t.co/PKBfTqTaGK #ChetcoBarFire,Public Accountability,Seeking visibility and official action,Anger/Blame,Media and political accountability,Firefighting Operations and Crew Deployment,Frustrated/Critical,Operational Response and Resources
chetco-bar,ldjranch,@PressSec @POTUS But no help for Oregon on 🔥🔥🔥  #ChetcoBarFire  #EagleCreekFire #MultnomahFalls,Fire Progression,,,,Media Amplification and Information Gaps,Engaged/Observational,Media and Information Sharing
chetco-bar,The_Fendora,"Time to unplug and appreciate life at least for a moment.
#IrmaHurricane2017 #earthquake #ChetcoBarFire #Harvey",Community Solidarity,Seeking visibility and official action,Gratitude/Appreciation,Fire status and operations,Tracking Fire Scale and Containment Progress,Grateful/Supportive,Fire Behavior and Status
chetco-bar,sassenach5150,@HarpTacey @pdxcoffeelover @OPB We are 20 miles from chetco bar fire it's burning in snags and scar of biscuit fire from 2002,Fire Progression,,,,"Personal Safety, Proximity, and Local Threat",Grateful/Supportive,Fire Behavior and Status
chetco-bar,CCcatlady,"The Chetco Bar fire has been burning since mid July
Oregon Gov. Brown Said Feds Rejected Pleas For Firefighting Help https://t.co/paIfzVhTXV",Fire Progression,Seeking visibility and official action,Alarm/Distress,"Requests, donations, and aid",Tracking Fire Scale and Containment Progress,Informational/Neutral,Fire Behavior and Status
chetco-bar,Tesstamona,#oregonfires #forestfires #eaglecreekfire #chetcobarfire #OregonFire #california #washington #montana #utah #wyoming #nevada #colorado https://t.co/D3dZaHNheX,Smoke / Air Quality,Living with smoke and threat,Neutral/Informational,"Smoke, weather, and air quality",Smoke Exposure and Air Quality Monitoring,Engaged/Observational,Smoke and Air Quality
chetco-bar,Hoolagan747,"@cslimfu @Breaking911 Chetco bar fire. Lightening strike! Largest fire this season, usfs let it burn natural exsasterbating! Inconveinent FACT!",Fire Progression,,,,Tracking Fire Scale and Containment Progress,Informational/Neutral,Fire Behavior and Status
chetco-bar,ewoksamongus,@RealMuckmaker Very Unhealthy or Hazardous? Stay indoors! Change the filters on your a/c and your cars. Been dealing with it since July. #ChetcoBarFire,Smoke / Air Quality,,,,Smoke Exposure and Air Quality Monitoring,Informational/Neutral,Smoke and Air Quality
chetco-bar,NotRappaport,"Nation's Largest Wildfire Burning More Than 180,000 Acres In Southwest Oregon https://t.co/P3YJ7fVnxp #OregonBurns",Fire Progression,Living with smoke and threat,Neutral/Informational,Fire status and operations,Tracking Fire Scale and Containment Progress,Informational/Neutral,Fire Behavior and Status
chetco-bar,ewoksamongus,"@FromTulsa @lotusville @RealMuckmaker Yup. We got aid for two big fires but not for #EagleCreekFire (30,000 acres) which is destroying landmarks. #ChetcoBarFire (178,000 acres)",Fire Progression,,,,Tracking Fire Scale and Containment Progress,Informational/Neutral,Fire Behavior and Status
chetco-bar,LTPthatsme,"Still burning, still sad. But encouraging to see #Oregon green...

#EagleCreekFire 🌲
#ChetcoBarFire 🌲
#MontanaFires  🌲💔 https://t.co/SlCdFcAa2Q",Fire Progression,Living with smoke and threat,Neutral/Informational,Fire status and operations,Tracking Fire Scale and Containment Progress,Informational/Neutral,Fire Behavior and Status
chetco-bar,Oregon_Air,#ChetcoBarFire OK this is BS. Time for a shake-up in local USFS Forestry Management. Sick of the 'Let It Burn' until it becomes a crisis.,Fire Progression,Seeking visibility and official action,Neutral/Informational,Media and political accountability,"Personal Safety, Proximity, and Local Threat",Informational/Neutral,Personal Experience and Community Impact
chetco-bar,TheWildLifeOV,"The #TRUTH about Oregon's #Chetco Bar Fire!
https://t.co/45poJsDKRw",Fire Progression,Seeking visibility and official action,Neutral/Informational,Fire status and operations,Media Amplification and Information Gaps,Informational/Neutral,Media and Information Sharing
chetco-bar,RetiredSurfman,#ChetcoBarFire #ORFires https://t.co/d7kNLeFqOR,Fire Progression,Seeking visibility and official action,Neutral/Informational,Fire status and operations,Media Amplification and Information Gaps,Informational/Neutral,Media and Information Sharing
chetco-bar,HanaJacover,Thank you @nytimes for bringing attention to the 2+ mill. acres burning in the West. And for using my quote! #EagleCreekFire #ChetcoBarFire https://t.co/zI9yALFZPb,Fire Progression,,,,Tracking Fire Scale and Containment Progress,Informational/Neutral,Fire Behavior and Status
chetco-bar,ArDeeFiMFic,Now I find out my family's vacation home may well be in the path of the #ChetcoBarFire ... can the world stop falling apart at the seams plz,Fire Progression,Evacuation and immediate disruption,Anger/Blame,Personal experience and disruption,"Personal Safety, Proximity, and Local Threat",Concerned/Anxious,Personal Experience and Community Impact
chetco-bar,ArDeeFiMFic,I liked a @YouTube video https://t.co/4dhfzS5VPP CHETCO BAR FIRE: Dramatic Smoky Skies,Smoke / Air Quality,,,,"Situational Maps, Photos, and Visual Briefings",Engaged/Observational,Situational Awareness and Mapping
chetco-bar,YellowBirdSkies,"#MexicoEarthquake #HurricaneIrma #Harvey #Katia #Jose #EagleCreekFire #ChetcoBarFire WA ID MT BC AB #wildfires Monsoons Mudslides+more
🙏🏽🌎💔",Community Solidarity,Seeking visibility and official action,Neutral/Informational,Fire status and operations,Tracking Fire Scale and Containment Progress,Grateful/Supportive,Fire Behavior and Status
chetco-bar,YEVO2015,"Crazy 🔥- Chetco Bar Fire stared July 12th, expected containment date isn't until Sunday October 15th, 2017. https://t.co/6ryYYT0eRQ",Fire Progression,Seeking visibility and official action,Neutral/Informational,Fire status and operations,Tracking Fire Scale and Containment Progress,Grateful/Supportive,Fire Behavior and Status
chetco-bar,WendyReneeB13,Oh my lord.... ♡♡♡ ;-) #thankyoufirefighters #ChetcoBarFire #EagleCreekFire #wildlandfirefighters https://t.co/iv4bo4oUxJ,Operational Coordination,"Solidarity, prayer, and gratitude",Gratitude/Appreciation,Fire status and operations,Firefighting Operations and Crew Deployment,Informational/Neutral,Operational Response and Resources
chetco-bar,RetiredSurfman,#MNnice #westernwildfires #ORwildfires #ChetcoBarFire https://t.co/jAzNw9Bcel,Fire Progression,Seeking visibility and official action,Neutral/Informational,Fire status and operations,Media Amplification and Information Gaps,Informational/Neutral,Media and Information Sharing
chetco-bar,selmarose40,the Chetco Bar Fire is the largest uncontained fore in Oregon and you have yet to even acknowledge it..  but then why should you care.. https://t.co/QMiOw6gupV,Fire Progression,Seeking visibility and official action,Anger/Blame,Fire status and operations,Tracking Fire Scale and Containment Progress,Grateful/Supportive,Fire Behavior and Status
chetco-bar,MandyAldrich2,@AviWoolf We got RAIN on the #ChetcoBarFire !!!,Fire Progression,,,,"Personal Safety, Proximity, and Local Threat",Engaged/Observational,Weather and Environmental Conditions
chetco-bar,selmarose40,the Chetco Bar Fire is the Largent uncontained fire in Oregon today.. we aren't on the I5 corridor so I am not surprised there is no... https://t.co/rNQlhNHxsY,Fire Progression,Seeking visibility and official action,Anger/Blame,Fire status and operations,Tracking Fire Scale and Containment Progress,Grateful/Supportive,Fire Behavior and Status
chetco-bar,SJ_Eblen,"Friday, September 8, 2017 we had a foggy sunset on the coast instead of a smoky one.  Nice!  #ChetcoBarFire https://t.co/qIU0RmLUcH",Smoke / Air Quality,Seeking visibility and official action,Neutral/Informational,"Smoke, weather, and air quality",Environmental Observation and Fire Spectacle,Engaged/Observational,Media and Information Sharing
chetco-bar,NickName541,"@OregonGovBrown Residents around the 180,000 acre #ChetcoBarFire be like... https://t.co/Im87iJDl2h",Fire Progression,,,,Media Amplification and Information Gaps,Informational/Neutral,Media and Information Sharing
chetco-bar,Janner99362,"#ChetcoBarFire  #LetItBurn  #CarbonUpInSmoke  #Wilderness IMHO, CRIMINAL https://t.co/iCUEGtymUe",Smoke / Air Quality,Living with smoke and threat,Alarm/Distress,"Smoke, weather, and air quality",Smoke Exposure and Air Quality Monitoring,Informational/Neutral,Smoke and Air Quality
chetco-bar,the_only_ben,"Meanwhile ...#Irma2017 #hurricaneirma2017 #ChetcoBarFire #wildfires  dammit nature, why you on fire or underwater? https://t.co/eNzxcHBs13",Fire Progression,Seeking visibility and official action,Alarm/Distress,Fire status and operations,Media Amplification and Information Gaps,Informational/Neutral,Media and Information Sharing
chetco-bar,WendyReneeB13,"Trump....
Leaving this to the state of Oregon AND The USFS to handle... So classy.
#EagleCreekFire #ChetcoBarFire #thankyoufirefighters",Evacuation,Seeking visibility and official action,Gratitude/Appreciation,Media and political accountability,Firefighting Operations and Crew Deployment,Frustrated/Critical,Operational Response and Resources
chetco-bar,Janner99362,"@USA1Calling @Braveheart_USA @StrangeFunnies @RonWyden @steph93065 @AppSame @CarmineZozzora @Lrihendry @ChristieC733 @We_R_TheMedia @LeahR77 @carrieksada @Stonewall_77 @phil200269 Confirmed Chetco Bar was lightning, maps showed it..... (Not that it isn't a possibility in other areas)",Geospatial Mapping,,,,"Situational Maps, Photos, and Visual Briefings",Informational/Neutral,Weather and Environmental Conditions
chetco-bar,andrew_l83,#Oregon #Thankyou #ChetcoBarFire #firefighters @OregonGuard @garthbrooks @OregonGovBrown #thanksforsharing https://t.co/vbTrwLQQIQ,Operational Coordination,,,,Firefighting Operations and Crew Deployment,Grateful/Supportive,Operational Response and Resources
chetco-bar,MarilynM,"#ChetcoBarFire in SW #Oregon is 182,284(!) acres, 5% contained...and you've probably never heard of it. #wildfires",Fire Progression,Seeking visibility and official action,Neutral/Informational,Fire status and operations,Tracking Fire Scale and Containment Progress,Informational/Neutral,Fire Behavior and Status
chetco-bar,YellowBirdSkies,"@Collmaxw denies aid to Oregon #EagleCreekFire #ChetcoBarFire +nary a peep re WA-ID-MT or Canadian neighbors https://t.co/AhB0isSxmD..

but MarALago!😒",Fire Progression,,,,Media Amplification and Information Gaps,Informational/Neutral,Media and Information Sharing
chetco-bar,vivisected,@TimMandese @MingNa The way they start matters very little. Eagle Creek wasn't even the largest; Chetco Bar is and was started by lightning.,Fire Progression,,,,"Personal Safety, Proximity, and Local Threat",Informational/Neutral,Weather and Environmental Conditions
chetco-bar,Janner99362,"Sunrise' from Chrome Ridge... 'In front' of Chetco Bar. Trying to slow the dragon USFS created, with arrogance #ChetcoBarFire https://t.co/fiISQY4Mjb",Fire Progression,Seeking visibility and official action,Neutral/Informational,Media and political accountability,Media Amplification and Information Gaps,Informational/Neutral,Media and Information Sharing
chetco-bar,Janner99362,#ChetcoBarFire 'Wilderness' areas translated: Soon to be SCORCHED EARTH ( YOU did this) @ForestServiceNW @forestservice @1000oregon https://t.co/nGnjq6RUyd,Fire Progression,Seeking visibility and official action,Neutral/Informational,Fire status and operations,Media Amplification and Information Gaps,Informational/Neutral,Media and Information Sharing
chetco-bar,THUTO,NPR: RT OPB: Here's how the #EagleCreekFire and #ChetcoBarFire compare to the largest wildfire in Oregon history. https://t.co/vlsC4ASQlA,Fire Progression,Seeking visibility and official action,Neutral/Informational,Fire status and operations,Media Amplification and Information Gaps,Informational/Neutral,Media and Information Sharing
chetco-bar,lilburns321,Sutter Health donates to Red Cross for Chetco Bar Fire Relief https://t.co/9ByTyDGefS #TeamSutter https://t.co/jedJhPDfOC,Fire Progression,Sharing updates and resources,Hope/Reassurance,"Requests, donations, and aid","Community Solidarity, Prayer, and Emotional Bonds",Informational/Neutral,Media and Information Sharing
chetco-bar,vicmicsamlupe,Proud to partner with the Southwest Oregon Chapter of the Red Cross for Chetco Bar Fire relief https://t.co/N7loCuyyDZ #TeamSutter https://t.co/TLwUuFV7Gk,Fire Progression,Seeking visibility and official action,Hope/Reassurance,"Requests, donations, and aid","Community Solidarity, Prayer, and Emotional Bonds",Grateful/Supportive,Media and Information Sharing
chetco-bar,LTPthatsme,"Honor Integrity Making Amends - these things Matter. They shld 4 the sake of our Humanity.

#ChetcoBarFire - #life
 
https://t.co/sfyMdGERYu https://t.co/NaQE7WkzgF",Fire Progression,Seeking visibility and official action,Anger/Blame,Fire status and operations,Media Amplification and Information Gaps,Informational/Neutral,Media and Information Sharing
chetco-bar,cmhaskelljfsp,Chetco Bar incident courtesy of #Landsat https://t.co/MO4soujXZj,Operational Coordination,Seeking visibility and official action,Neutral/Informational,Fire status and operations,Media Amplification and Information Gaps,Informational/Neutral,Media and Information Sharing
chetco-bar,RoxannRider,Chetco Bar fire animal relief fund https://t.co/ARzKQI2Am5,Fire Progression,Seeking visibility and official action,Hope/Reassurance,"Requests, donations, and aid","Community Solidarity, Prayer, and Emotional Bonds",Informational/Neutral,Media and Information Sharing
chetco-bar,RoseMantle,Chetco Bar Fire Update – 9/11/17 https://t.co/2NOUiug4Q3 via @WildCoastNews,Fire Progression,,,,Media Amplification and Information Gaps,Informational/Neutral,Media and Information Sharing
chetco-bar,Itsjustme321go,"@SenJeffMerkley @KATUNews Our Chetco Bar fire is over 182,000 acres.",Fire Progression,,,,Tracking Fire Scale and Containment Progress,Informational/Neutral,Fire Behavior and Status
chetco-bar,RetiredSurfman,Great news! #ORFires #ChetcoBarFire #fireseason2017 https://t.co/fK9D2b8kKY,Public Accountability,Seeking visibility and official action,Neutral/Informational,Media and political accountability,Media Amplification and Information Gaps,Informational/Neutral,Media and Information Sharing
chetco-bar,RicksOpinion,@outsidemagazine Chetco bar fire is out ? 😞. Oh wait it's just Oregon nvm.,Fire Progression,,,,Tracking Fire Scale and Containment Progress,Informational/Neutral,Fire Behavior and Status
chetco-bar,THUTO,"NPR: RT OPB: “It seems like the fire went to sleep,” on #Oregon resident said of the #ChetcoBarFire. Officials: Do… https://t.co/7CuVrTczDs",Fire Progression,Seeking visibility and official action,Neutral/Informational,Personal experience and disruption,Media Amplification and Information Gaps,Informational/Neutral,Media and Information Sharing
chetco-bar,lilburns321,Proud to partner with the Southwest Oregon Chapter of the Red Cross for Chetco Bar Fire relief https://t.co/mEhGlMgx1E #TeamSutter https://t.co/uqcxj6eMLI,Fire Progression,Seeking visibility and official action,Hope/Reassurance,"Requests, donations, and aid","Community Solidarity, Prayer, and Emotional Bonds",Grateful/Supportive,Media and Information Sharing
chetco-bar,sassenach5150,New fire in addition to chetco bar betting no news coverage https://t.co/fbk2Hrttm0,Public Accountability,Seeking visibility and official action,Anger/Blame,Media and political accountability,Media Amplification and Information Gaps,Informational/Neutral,Media and Information Sharing
chetco-bar,WriteOnCreative,Oregon State Government Adapts As Wildfires Take Their Toll https://t.co/FCckkVW4mJ,Fire Progression,Seeking visibility and official action,Neutral/Informational,Fire status and operations,Media Amplification and Information Gaps,Informational/Neutral,Media and Information Sharing
chetco-bar,wleschyn,Chetco Bar fire threatened WWII Japanese bomb site near Brookings; https://t.co/5plHhwhean,Fire Progression,Living with smoke and threat,Alarm/Distress,Fire status and operations,"Personal Safety, Proximity, and Local Threat",Informational/Neutral,Media and Information Sharing
chetco-bar,Janner99362,"SO #ChetcoBarFire has a new Division Chief, word has it he doesn't know dick and is a loose cannon (CJ side) Typical @forestservice 1/2",Fire Progression,Seeking visibility and official action,Anger/Blame,Fire status and operations,"Situational Maps, Photos, and Visual Briefings",Informational/Neutral,Situational Awareness and Mapping
chetco-bar,millerlee,https://t.co/M2tWDZ3euU,Fire Progression,,,,Media Amplification and Information Gaps,Informational/Neutral,Media and Information Sharing
chetco-bar,Janner99362,"@Interior @SecretaryZinke @DOIWildlandFire @BLMNational @BLMOregon @BLMNIFC @USFWS @USIndianAffairs @NatlParkService @BLM_MTDKs @BLMca @BLMIdaho The AI sat back for #ChetcoBarFire it was ""too dangerous"" BS with a brick under it. COULD have stopped it, now risking 1,600+ responders",Fire Progression,,,,Evacuation Orders and Displacement Experiences,Distressed/Urgent,Evacuation and Area Closures
chetco-bar,JadeMahoney,New fire started on the Chetco Bar Fire's east side https://t.co/FXYSeHOj88,Fire Progression,Seeking visibility and official action,Neutral/Informational,Fire status and operations,Media Amplification and Information Gaps,Informational/Neutral,Media and Information Sharing
chetco-bar,bren2915,"@katesch64415070 @RealMuckmaker I'm from Brookings, OR.  the fire was even threatening the town early on.  Chetco Bar Fire.",Fire Progression,,,,"Personal Safety, Proximity, and Local Threat",Informational/Neutral,Personal Experience and Community Impact
chetco-bar,NotRappaport,Unhealthy Air Quality From Wildfires Persists Across Much Of Oregon https://t.co/H9Nt0kJKs9 #climate,Smoke / Air Quality,Living with smoke and threat,Alarm/Distress,"Smoke, weather, and air quality",Smoke Exposure and Air Quality Monitoring,Informational/Neutral,Smoke and Air Quality
chetco-bar,Janner99362,"@AliceGale535 @benshapiro They are streaming the lecture, not 1,000 miles, but on level 1 evac for Chetco Bar 😟",Evacuation,,,,Evacuation Orders and Displacement Experiences,Informational/Neutral,Evacuation and Area Closures
chetco-bar,jilliananne1,"@vicenews please do a piece on the wildfires in the west. Oregon, Montana, Washington! #ChetcoBarFire #ChetcoStrong",Smoke / Air Quality,,,,Smoke Exposure and Air Quality Monitoring,Concerned/Anxious,Smoke and Air Quality
chetco-bar,CraftsByMaryH,"Thought I'd share, this is where I'm keeping tabs on donation locations for the Chetco Bar Fire. Looks like they... https://t.co/IY9aElFcQm",Fire Progression,Seeking visibility and official action,Anger/Blame,"Requests, donations, and aid",Media Amplification and Information Gaps,Informational/Neutral,Media and Information Sharing
chetco-bar,ldjranch,#ChetcoBarFire   https://t.co/f8QlvHoLaq,Fire Progression,Seeking visibility and official action,Neutral/Informational,Fire status and operations,Media Amplification and Information Gaps,Informational/Neutral,Media and Information Sharing
chetco-bar,johnhutchison20,I added a video to a @YouTube playlist https://t.co/ZkeIoqxlFN chetco bar fire nesika,Geospatial Mapping,,,,"Situational Maps, Photos, and Visual Briefings",Engaged/Observational,Situational Awareness and Mapping
chetco-bar,johnhutchison20,I added a video to a @YouTube playlist https://t.co/jpTzbaywpL chetco bar fire 2,Geospatial Mapping,,,,"Situational Maps, Photos, and Visual Briefings",Engaged/Observational,Situational Awareness and Mapping
chetco-bar,johnhutchison20,I added a video to a @YouTube playlist https://t.co/jpTzbaywpL chetco bar fire 2 https://t.co/NiQoy7rkXP,Geospatial Mapping,,,,"Situational Maps, Photos, and Visual Briefings",Engaged/Observational,Situational Awareness and Mapping
chetco-bar,johnhutchison20,I added a video to a @YouTube playlist https://t.co/ZkeIoqxlFN chetco bar fire nesika https://t.co/W1a6V193QQ,Geospatial Mapping,,,,"Situational Maps, Photos, and Visual Briefings",Engaged/Observational,Situational Awareness and Mapping
chetco-bar,RoverDov123,"@eaglecreekfire #ChetcoBarFire 
https://t.co/IUonBNTfcp",Fire Progression,,,,Media Amplification and Information Gaps,Informational/Neutral,Media and Information Sharing
chetco-bar,backwoodshome,Rain is about to return to Oregon. That will help with the ongoing Chetco Bar Fire. https://t.co/K8JiYyurri https://t.co/t8kRJROTzh,Fire Progression,Seeking visibility and official action,Alarm/Distress,"Smoke, weather, and air quality","Personal Safety, Proximity, and Local Threat",Informational/Neutral,Weather and Environmental Conditions
chetco-bar,MadMatterBunny,"Chetco Bar Fire in Oregon quadruples in four days, approaches 100,000 acres https://t.co/UpjNFNucSx via @WildfireToday",Fire Progression,Seeking visibility and official action,Neutral/Informational,Fire status and operations,Tracking Fire Scale and Containment Progress,Informational/Neutral,Media and Information Sharing
chetco-bar,NaseemRakha,"As oregon burns, we wait for rain....#oregonfires #eaglecreekfire #ChetcoBarFire https://t.co/CstQOSqzix",Fire Progression,Seeking visibility and official action,Hope/Reassurance,"Smoke, weather, and air quality","Personal Safety, Proximity, and Local Threat",Informational/Neutral,Weather and Environmental Conditions
chetco-bar,biff_schulz,"A taste of what the chetco bar fire did to my back yard. 200,000 acres roughly 330 sq miles of timber and homes. https://t.co/T1MKwLJeLJ",Fire Progression,Evacuation and immediate disruption,Neutral/Informational,Fire status and operations,Tracking Fire Scale and Containment Progress,Informational/Neutral,Fire Behavior and Status
chetco-bar,wash_gton,"@SenJeffMerkley A snag caused by lightning, monitored and ""left to burn out"" by the USFS is what caused Chetco Bar fire. The wind got up. Policy nd review.",Fire Progression,,,,Environmental Observation and Fire Spectacle,Informational/Neutral,Weather and Environmental Conditions
chetco-bar,RoxannRider,Chetco Bar fire animal relief fund Brookings Oregon https://t.co/wMtGLvTuEh,Fire Progression,Seeking visibility and official action,Hope/Reassurance,"Requests, donations, and aid","Personal Safety, Proximity, and Local Threat",Informational/Neutral,Media and Information Sharing
chetco-bar,bren2915,@JoeBiden Fire supression and prevention job training and jobs will be a boon to rural Oregon.  Please!!  Chetco Bar Fire is still burning.,Fire Progression,,,,Tracking Fire Scale and Containment Progress,Concerned/Anxious,Fire Behavior and Status
chetco-bar,lambert_craig,"False. Gorge fire started by kids with fireworks. Chetco Bar started by lightening. (A common cause for centuries).
https://t.co/0JwHA96gi9",Fire Progression,Seeking visibility and official action,Neutral/Informational,Fire status and operations,Media Amplification and Information Gaps,Informational/Neutral,Media and Information Sharing
chetco-bar,ldjranch,#ChetcoBarFire Thank you God and firefighters~  All levels of evacuation lifted for Brookings &amp; all of Curry County!!!,Evacuation,Evacuation and immediate disruption,Alarm/Distress,Evacuation and public safety,Evacuation Orders and Displacement Experiences,Grateful/Supportive,Evacuation and Area Closures
chetco-bar,F8andMe,Rain is helping control fires in the PNW. Hallelujah! #ChetcoBarFire,Fire Progression,Seeking visibility and official action,Alarm/Distress,"Smoke, weather, and air quality","Personal Safety, Proximity, and Local Threat",Informational/Neutral,Weather and Environmental Conditions
chetco-bar,dbeffert,"Snow and rain blankets Oregon wildfires, beginning end of multiple blazes including Eagle Creek and Chetco Bar fires https://t.co/Q1MZE0wkSf",Fire Progression,Seeking visibility and official action,Anger/Blame,"Smoke, weather, and air quality","Personal Safety, Proximity, and Local Threat",Informational/Neutral,Weather and Environmental Conditions
chetco-bar,joshuare,I just uploaded “Chetco Bar Fire Fund” to #Vimeo: https://t.co/mcQPc7cDs2,Geospatial Mapping,Seeking visibility and official action,Neutral/Informational,"Requests, donations, and aid","Situational Maps, Photos, and Visual Briefings",Informational/Neutral,Situational Awareness and Mapping
chetco-bar,TheCascadeHiker,*** #Eaglecreekfire 48 PERCENT CONTAINED*** https://t.co/0CmvX6tyS6,Fire Progression,Seeking visibility and official action,Hope/Reassurance,Fire status and operations,Tracking Fire Scale and Containment Progress,Informational/Neutral,Fire Behavior and Status
chetco-bar,backwoodshome,Chetco Bar Fire KO'd -- The rain has already knocked the crap out of the Chetco Bar Fire and other Oregon fires: https://t.co/Ye5LNPj7Vj,Fire Progression,Seeking visibility and official action,Anger/Blame,"Smoke, weather, and air quality",Media Amplification and Information Gaps,Informational/Neutral,Media and Information Sharing
chetco-bar,webchickbot,Chetco Bar Fire winding down; Rain aids firefighting efforts all Curry County evacuation notices lifted https://t.co/ksHIsMnJBX #oregonfires,Evacuation,Evacuation and immediate disruption,Alarm/Distress,Evacuation and public safety,Evacuation Orders and Displacement Experiences,Informational/Neutral,Weather and Environmental Conditions
chetco-bar,joshuare,I just uploaded “Chetco Bar Fire Fund” to #Vimeo: https://t.co/mcQPc7cDs2,Geospatial Mapping,Seeking visibility and official action,Neutral/Informational,"Requests, donations, and aid","Situational Maps, Photos, and Visual Briefings",Informational/Neutral,Situational Awareness and Mapping
chetco-bar,daveswindell,Rains Seriously Dampen Chetco Bar Fire https://t.co/LkiqVgCiHK,Fire Progression,Seeking visibility and official action,Hope/Reassurance,"Smoke, weather, and air quality","Personal Safety, Proximity, and Local Threat",Informational/Neutral,Weather and Environmental Conditions
chetco-bar,RetiredSurfman,Great news #ChetcoBarFire #ORFires #fireseason2017 https://t.co/2GuafLF3oQ,Public Accountability,Seeking visibility and official action,Neutral/Informational,Media and political accountability,Media Amplification and Information Gaps,Informational/Neutral,Media and Information Sharing
chetco-bar,DarrylWoods54,Our #thoughts continue to be with those #impacted by this year's #wildfires. https://t.co/T72Q95O4m9,Fire Progression,Seeking visibility and official action,Neutral/Informational,Personal experience and disruption,Media Amplification and Information Gaps,Informational/Neutral,Media and Information Sharing
chetco-bar,expatshaun,@scifri Chetco Bar fire near Brookings OR consumed 190K+ acres so far. How come nobody from Oregon was asked to be on the show?,Fire Progression,,,,Tracking Fire Scale and Containment Progress,Informational/Neutral,Fire Behavior and Status
chetco-bar,DrTomMartinPhD,"FINALLY: Burning since APRIL. Oregon Chetco Bar Fire 190,000 Acres (2 Acres=Football Field), 90% Contained. Oregon is Scorched. #msnbc #cnn",Fire Progression,Living with smoke and threat,Neutral/Informational,Fire status and operations,Tracking Fire Scale and Containment Progress,Informational/Neutral,Fire Behavior and Status
chetco-bar,patricksymmes,Oregon wildfires burned these areas. Here's how they were damaged and when they will reopen https://t.co/jzzwZORVHm,Fire Progression,Seeking visibility and official action,Neutral/Informational,Fire status and operations,Media Amplification and Information Gaps,Informational/Neutral,Media and Information Sharing
chetco-bar,mistyhawkfishes,"Snow and rain blankets #Oregon wildfires, beginning end of multiple blazes including Eagle Creek and Chetco Bar
https://t.co/PExmTKkuVL",Fire Progression,Seeking visibility and official action,Anger/Blame,"Smoke, weather, and air quality","Personal Safety, Proximity, and Local Threat",Informational/Neutral,Weather and Environmental Conditions
chetco-bar,selmarose40,we haven't seen any recovery efforts for the Chetco Bar Fire.. I guess you only represent the people that live in Multnomah County.. https://t.co/v7l3OpNwua,Fire Progression,Seeking visibility and official action,Anger/Blame,Fire status and operations,Media Amplification and Information Gaps,Informational/Neutral,Media and Information Sharing
chetco-bar,selmarose40,"see there.. the Chetco Bar Fire burned 191,000 acres.. Eagle Creek.. 45,579 acres.. but you go ahead and take care fo them.. after all they voted for you.. https://t.co/Gk57XR0OkJ",Fire Progression,Seeking visibility and official action,Neutral/Informational,Fire status and operations,Tracking Fire Scale and Containment Progress,Informational/Neutral,Fire Behavior and Status
chetco-bar,KoehlerMatthew,"The 191,090 acre #ChetcoBarFire was largest in #Oregon. This @forestservice fly-over proves it burned in a mosaic with lots of unburned and lightly burned acres within the fire perimeter. #ORPol #MTPol https://t.co/iesSVnLou8",Fire Progression,Seeking visibility and official action,Neutral/Informational,Fire status and operations,Tracking Fire Scale and Containment Progress,Informational/Neutral,Fire Behavior and Status
chetco-bar,KoehlerMatthew,Would love to see fly-over images of all #Montana #wildfires too. 190K acre #ChetcoBarFire fire in #Oregon burned in a mosaic and I bet #MTFires did too. #MTPol #MTNews #MTFire https://t.co/Zrz0XsteQH,Geospatial Mapping,Seeking visibility and official action,Neutral/Informational,Media and political accountability,Media Amplification and Information Gaps,Grateful/Supportive,Media and Information Sharing
klondike,jenn_searle,Evacuation Warnings Issued East of Grants Pass Due to Taylor Creek Fire https://t.co/GcsecsCIKM,Evacuation,Evacuation and immediate disruption,Alarm/Distress,Evacuation and public safety,Evacuation Orders and Displacement Experiences,Informational/Neutral,Evacuation and Area Closures
klondike,bunnyhugger75,I think this is the #TaylorCreekFire @ Oregon https://t.co/mChbLC28Kq,Fire Progression,Seeking visibility and official action,Neutral/Informational,Fire status and operations,Media Amplification and Information Gaps,Informational/Neutral,Media and Information Sharing
klondike,annasan451,"Southern Oregon wildfires bring 'unhealthy' air quality, spark evacuations in four regions https://t.co/whvAjVser9 via @salem_statesman",Smoke / Air Quality,Living with smoke and threat,Alarm/Distress,Evacuation and public safety,Smoke Exposure and Air Quality Monitoring,Informational/Neutral,Media and Information Sharing
klondike,bunnyhugger75,The #TaylorCreekFire is going strong again today in Southern #Oregon. https://t.co/CbmFlqC39m,Fire Progression,Seeking visibility and official action,Neutral/Informational,Community solidarity and appreciation,Media Amplification and Information Gaps,Informational/Neutral,Media and Information Sharing
klondike,bunnyhugger75,"Wow, this #TaylorCreekFire has really blown up in the last half hour. #Wildfire #ForestFire #Oregon https://t.co/pKUmZKMHEO",Fire Progression,Seeking visibility and official action,Neutral/Informational,Fire status and operations,Media Amplification and Information Gaps,Engaged/Observational,Media and Information Sharing
klondike,bunnyhugger75,#TaylorCreekFire is really blowing up. #Wildfire #ForestFire @ Oregon https://t.co/LSPtcQbteh,Fire Progression,Seeking visibility and official action,Neutral/Informational,Fire status and operations,Media Amplification and Information Gaps,Informational/Neutral,Media and Information Sharing
klondike,bunnyhugger75,#TaylorCreekFire #ForestFire #WildFire @ Oregon https://t.co/9s7B5YtumN,Fire Progression,Seeking visibility and official action,Neutral/Informational,Fire status and operations,Media Amplification and Information Gaps,Informational/Neutral,Media and Information Sharing
klondike,bunnyhugger75,Get to the choppa! #TaylorCreekFire #Wildfire #ForestFire @ Oregon https://t.co/SiiAaZ6xcc,Fire Progression,Seeking visibility and official action,Neutral/Informational,Fire status and operations,Media Amplification and Information Gaps,Informational/Neutral,Media and Information Sharing
klondike,demoman3955,"Here's the official report as of around 6pm. THIS JUST IN FROM THE JOSEPHINE COUNTY SHERIFF'S OFFICE....

Due to the fast moving TAYLOR CREEK WILDFIRE, ALL RESIDENTS on WEST PICKET CREEK RD in Grants Pass have now... https://t.co/sUH0yYEHpd",Fire Progression,Sharing updates and resources,Anger/Blame,Fire status and operations,"Personal Safety, Proximity, and Local Threat",Informational/Neutral,Media and Information Sharing
klondike,bunnyhugger75,"More fire pics. #Wildfire #ForestFire #TaylorCreekFire #GrantsPass #Merlin @ Merlin, Oregon https://t.co/LG2jSr98Zb",Fire Progression,Seeking visibility and official action,Neutral/Informational,Fire status and operations,"Situational Maps, Photos, and Visual Briefings",Informational/Neutral,Situational Awareness and Mapping
klondike,creeana_,"I’m speechless as I see pictures of our beautiful house waiting to be eaten up by the #TaylorCreekFire...I hope with all my heart that we are able to save our home in the end. Ultimately, I just pray for everyone to be safe. Things are replaceable, people are not. https://t.co/4GVXmxx8a9",Community Solidarity,"Solidarity, prayer, and gratitude",Hope/Reassurance,Community solidarity and appreciation,"Situational Maps, Photos, and Visual Briefings",Informational/Neutral,Situational Awareness and Mapping
klondike,MPreston541,#TaylorCreekFire https://t.co/H2P2tMBuOp,Fire Progression,Seeking visibility and official action,Neutral/Informational,Fire status and operations,Media Amplification and Information Gaps,Informational/Neutral,Media and Information Sharing
klondike,MPreston541,#TaylorCreekFire https://t.co/3gwVkI4K9C,Fire Progression,Seeking visibility and official action,Neutral/Informational,Fire status and operations,Media Amplification and Information Gaps,Informational/Neutral,Media and Information Sharing
klondike,bunnyhugger75,The #TaylorCreekFire has come over the ridge. #Wildfire #ForestFire https://t.co/vBHQCc4YZy,Fire Progression,Seeking visibility and official action,Neutral/Informational,Fire status and operations,Media Amplification and Information Gaps,Informational/Neutral,Media and Information Sharing
klondike,ForestDenizen,I live just outside the evacuation area for this fire. We have 160 lightning-strike wildfires in southern Oregon right now. View of the Taylor Creek fire from my road in rural Josephine County. https://t.co/zrkkULr1UT,Evacuation,Evacuation and immediate disruption,Alarm/Distress,Evacuation and public safety,"Personal Safety, Proximity, and Local Threat",Engaged/Observational,Personal Experience and Community Impact
klondike,DAYNACARRERA,Merlin fire camp swells; 747 SuperTanker hits Taylor Creek Fire; evacuation orders updated https://t.co/RCRGRquqmc,Evacuation,Evacuation and immediate disruption,Alarm/Distress,Evacuation and public safety,Evacuation Orders and Displacement Experiences,Informational/Neutral,Evacuation and Area Closures
klondike,lmtvictoria,"As Southern Oregon wildfires grow, new lightning storms expected on Sunday https://t.co/NPNfObEbXO",Fire Progression,Seeking visibility and official action,Neutral/Informational,Fire status and operations,"Personal Safety, Proximity, and Local Threat",Informational/Neutral,Weather and Environmental Conditions
klondike,bunnyhugger75,It’s so smoky out today. #TaylorCreekFire #WildFire #ForestFire https://t.co/uLp7E7i6oE,Smoke / Air Quality,Seeking visibility and official action,Neutral/Informational,Fire status and operations,Media Amplification and Information Gaps,Informational/Neutral,Media and Information Sharing
klondike,Isellgrantspass,Here’s a map of the Taylor Creek Fire. This information if up to date says my property is 2 miles away from the fire for now. Hope this update helps you. https://t.co/SjRJYTwmvd,Community Solidarity,Sharing updates and resources,Neutral/Informational,Fire status and operations,Tracking Fire Scale and Containment Progress,Informational/Neutral,Media and Information Sharing
klondike,ScottKraenzlein,"#Repost sz
・・・
Die untergehende Sonne hüllt sich in die Rauchwolken von Waldbränden am Taylor Creek, westlich von Grants Pass. Hunderte Menschen mussten wegen anhaltender Waldbrände ihre… https://t.co/uMvDln89jL",Fire Progression,Seeking visibility and official action,Neutral/Informational,Fire status and operations,"Personal Safety, Proximity, and Local Threat",Informational/Neutral,Media and Information Sharing
klondike,Bunny22406482,"Southern Oregon fires: Air quality worst in United States, but area avoids new lightning fires https://t.co/ux2V42eJtW via @salem_statesman",Smoke / Air Quality,Living with smoke and threat,Neutral/Informational,"Smoke, weather, and air quality",Smoke Exposure and Air Quality Monitoring,Informational/Neutral,Media and Information Sharing
klondike,Bunny22406482,"As Southern Oregon fires grow, new lightning storms expected on Sunday https://t.co/7ATzctLoRI via @salem_statesman",Fire Progression,Seeking visibility and official action,Neutral/Informational,Fire status and operations,Media Amplification and Information Gaps,Informational/Neutral,Media and Information Sharing
klondike,MrsJHarrington,"Southern Oregon fires: Air quality worst in United States, but area avoids new lightning fires https://t.co/WdqfaqNK9f via @salem_statesman",Smoke / Air Quality,Living with smoke and threat,Neutral/Informational,"Smoke, weather, and air quality",Smoke Exposure and Air Quality Monitoring,Informational/Neutral,Media and Information Sharing
klondike,willowbillyfarm,Stopped to Chat with some of the firefighters near the Taylor Creek 🔥in Southern Oregon!   Just amazing to see how proud those firefighters were of the community support that was being… https://t.co/Y3FLCFht1s,Operational Coordination,"Solidarity, prayer, and gratitude",Gratitude/Appreciation,Community solidarity and appreciation,Firefighting Operations and Crew Deployment,Grateful/Supportive,Operational Response and Resources
klondike,rasta_daddy,UPDATE: Level 3 'GO' Evacuation Orders Issued West of Merlin https://t.co/cpWYxMdm8d,Evacuation,Evacuation and immediate disruption,Alarm/Distress,Evacuation and public safety,Evacuation Orders and Displacement Experiences,Informational/Neutral,Evacuation and Area Closures
klondike,sonnymehta,RenewOregon: RT OHAOregon: Air quality conditions have reached very unhealthy to hazardous levels in southern #Oregon today. Here are some tips on how you can protect your health during these smoky conditions. #GarnerComplex #TaylorCreekFire #hendrixfire https://t.co/Rqxag78NVU,Smoke / Air Quality,Living with smoke and threat,Alarm/Distress,"Smoke, weather, and air quality",Smoke Exposure and Air Quality Monitoring,Informational/Neutral,Smoke and Air Quality
klondike,sonnymehta,RenewOregon: RT @OHAOregon: Air quality conditions have reached very unhealthy to hazardous levels in southern #Oregon today. Here are some tips on how you can protect your health during these smoky conditions. #GarnerComplex #TaylorCreekFire #hendrixfire https://t.co/Rqxag78NVU,Smoke / Air Quality,,,,Smoke Exposure and Air Quality Monitoring,Informational/Neutral,Smoke and Air Quality
klondike,lmtvictoria,"~ An open letter from the Chief Officers at Rural Metro Fire ~

Taylor Creek Fire Update - July 24, 2018
 
Note: This update is specific to the Taylor Creek Fire only. Maps and specifics are not 100% accurate... https://t.co/Ly3iNn7b4V",Fire Progression,Sharing updates and resources,Neutral/Informational,Fire status and operations,"Situational Maps, Photos, and Visual Briefings",Informational/Neutral,Situational Awareness and Mapping
klondike,toriallison,Huge #thankyou to all the firefighters already battling too many blazes... hate seeing it happen so close to home  https://t.co/X2C7E7zkUF,Operational Coordination,"Solidarity, prayer, and gratitude",Gratitude/Appreciation,Fire status and operations,Firefighting Operations and Crew Deployment,Concerned/Anxious,Operational Response and Resources
klondike,TaliloMarfil,It is so Smokey down here. https://t.co/QdYsK3keeW,Smoke / Air Quality,Living with smoke and threat,Alarm/Distress,"Smoke, weather, and air quality",Smoke Exposure and Air Quality Monitoring,Informational/Neutral,Smoke and Air Quality
klondike,all3ddesign,"Southern Oregon fires: Air quality worst in United States, but area avoids new lightning fires https://t.co/rUl4K6e2p8",Smoke / Air Quality,Living with smoke and threat,Neutral/Informational,"Smoke, weather, and air quality",Smoke Exposure and Air Quality Monitoring,Informational/Neutral,Smoke and Air Quality
klondike,Mr_Joyboy,@zip it definitely is. it came early this year: https://t.co/qRsD2J7SBH,Fire Progression,,,,Media Amplification and Information Gaps,Informational/Neutral,Media and Information Sharing
klondike,GLKnightWrites,"Fires around Portland last year, everyone cares. Fires in Southern Oregon, on the same level THIS YEAR? No one cares. Southern Oregon is burning, and it's getting INSANE. We NEED help here. Told we might need to FLEE soon. It's getting scary bad.  https://t.co/I7xvwD84tP",Fire Progression,Seeking visibility and official action,Alarm/Distress,"Requests, donations, and aid",Tracking Fire Scale and Containment Progress,Distressed/Urgent,Fire Behavior and Status
klondike,OWS_ellie,Southern Oregon fires 2018: New lightning storms expected on Sunday https://t.co/4u4qRdgutR,Fire Progression,Seeking visibility and official action,Neutral/Informational,Fire status and operations,"Personal Safety, Proximity, and Local Threat",Informational/Neutral,Weather and Environmental Conditions
klondike,OWS_ellie,"@chrislhayes @elongreen I took this photo from my balcony here in so OR.  There are very high hills right across the street that you can't even see.  ""The air quality in Southern Oregon was the worst in the nation Monday, and the rest of the week doesn’t look much better."" https://t.co/4u4qRdgutR https://t.co/ONATrAZaP0",Smoke / Air Quality,,,,Smoke Exposure and Air Quality Monitoring,Engaged/Observational,Smoke and Air Quality
klondike,Freaken_Out,https://t.co/ZFMomGwx0z https://t.co/ZFMomGwx0z,Fire Progression,,,,Media Amplification and Information Gaps,Informational/Neutral,Media and Information Sharing
klondike,GGinyourpocket,Southern Oregon wildfire updates as of this morning https://t.co/LYhmn4cNar,Fire Progression,Sharing updates and resources,Neutral/Informational,Fire status and operations,Tracking Fire Scale and Containment Progress,Informational/Neutral,Media and Information Sharing
klondike,CaseyDanson,"Southern Oregon wildfires still growing, spewing hazardous smoke with no end in sight https://t.co/8o1KidlWws",Smoke / Air Quality,Living with smoke and threat,Alarm/Distress,"Smoke, weather, and air quality",Smoke Exposure and Air Quality Monitoring,Concerned/Anxious,Smoke and Air Quality
klondike,clvngodess,"Was like this last summer, too. https://t.co/MneIlUTVZZ",Fire Progression,Seeking visibility and official action,Neutral/Informational,Fire status and operations,Media Amplification and Information Gaps,Informational/Neutral,Media and Information Sharing
klondike,bunnyhugger75,We can see the flames on this side of the ridge now. #TaylorCreekFire is at 12k acres. #Wildfire #ForestFire @ Oregon https://t.co/7SyX6LyOzf,Fire Progression,Seeking visibility and official action,Neutral/Informational,Fire status and operations,Tracking Fire Scale and Containment Progress,Informational/Neutral,Fire Behavior and Status
klondike,CreateSuccess,"All SHAN CREEK is now
NEW LEVEL 3 ""GO NOW!"" 
TAYLOR CREEK FIRE IN JOSEPHINE COUNTY. https://t.co/bnFqcxAwd5",Evacuation,Evacuation and immediate disruption,Anger/Blame,Evacuation and public safety,Evacuation Orders and Displacement Experiences,Informational/Neutral,Evacuation and Area Closures
klondike,TylerBarrett,Pretty fucking surreal moment coming down Sexton Pass and seeing the Taylor Creek fire ripping down the hill towards Merlin. https://t.co/MJau5pYQXs,Fire Progression,Seeking visibility and official action,Neutral/Informational,Fire status and operations,Media Amplification and Information Gaps,Engaged/Observational,Media and Information Sharing
klondike,Duckeh,"This is right by my house 😭 We’re still relatively safe, buuuut yeah, keeping our cars packed in case we have to book it out of here #taylorcreekfire https://t.co/cDc9TbsLxk",Fire Progression,"Solidarity, prayer, and gratitude",Hope/Reassurance,Fire status and operations,"Personal Safety, Proximity, and Local Threat",Distressed/Urgent,Media and Information Sharing
klondike,bunnyhugger75,#TaylorCreekFire keeps moving closer. #WildFires #ForestFire https://t.co/qypqAm1Q9W,Fire Progression,Seeking visibility and official action,Neutral/Informational,Fire status and operations,Media Amplification and Information Gaps,Concerned/Anxious,Media and Information Sharing
klondike,Resafandrab,Taylor creek fire https://t.co/uL93OykrbP,Fire Progression,Seeking visibility and official action,Neutral/Informational,Fire status and operations,Media Amplification and Information Gaps,Informational/Neutral,Media and Information Sharing
klondike,BradleyPutters,Our summers are smoked out thanks to the feds not allowing us to properly manage our forests. Pretty sad situation. #Taylorcreekfire #forestfire #southernoregon #smokestack https://t.co/u2oHKGMu9h,Smoke / Air Quality,"Solidarity, prayer, and gratitude",Gratitude/Appreciation,Community solidarity and appreciation,Smoke Exposure and Air Quality Monitoring,Informational/Neutral,Smoke and Air Quality
klondike,bunnyhugger75,The #TaylorCreekFire does make for some awesome pictures. https://t.co/4n2NoOU8mn,Geospatial Mapping,Seeking visibility and official action,Neutral/Informational,Fire status and operations,"Situational Maps, Photos, and Visual Briefings",Grateful/Supportive,Situational Awareness and Mapping
klondike,burnviktim,The whole world seems to be burning right now.....and it just keeps getting closer. #taylorcreekfire https://t.co/mEq7FaOtM5,Fire Progression,Living with smoke and threat,Anger/Blame,Fire status and operations,Tracking Fire Scale and Containment Progress,Distressed/Urgent,Fire Behavior and Status
klondike,JamesRyen,Seeing the hills is a rarity these past couple weeks...  #ForestFires #HendrixFire #TaylorCreekFire #GraveCreekFire https://t.co/BYgmZ0XwyU,Fire Progression,Seeking visibility and official action,Neutral/Informational,Fire status and operations,Media Amplification and Information Gaps,Informational/Neutral,Media and Information Sharing
klondike,bunnyhugger75,Flame on. #TaylorCreekFire #WildFire #ForestFire https://t.co/BO7AVn6uoa,Fire Progression,Seeking visibility and official action,Neutral/Informational,Fire status and operations,Media Amplification and Information Gaps,Informational/Neutral,Media and Information Sharing
klondike,CreateSuccess,"Looking out towards Taylor Creek fire and Shan Creek last night. 😢
Yes, that is the Sun in red.",Fire Progression,Seeking visibility and official action,Neutral/Informational,Fire status and operations,Tracking Fire Scale and Containment Progress,Informational/Neutral,Fire Behavior and Status
klondike,keaton_thomas,This looks like the Taylor Creek Fire burning near Grants Pass. You can see why the air quality here in Southern Oregon is so bad. https://t.co/nYDxxqMEzc,Smoke / Air Quality,Living with smoke and threat,Alarm/Distress,"Smoke, weather, and air quality","Personal Safety, Proximity, and Local Threat",Engaged/Observational,Personal Experience and Community Impact
klondike,petracantrell11,Taylor Creek Fire: The Latest https://t.co/FKhwLXU8gN,Fire Progression,Seeking visibility and official action,Neutral/Informational,Fire status and operations,Media Amplification and Information Gaps,Informational/Neutral,Media and Information Sharing
klondike,petracantrell11,"Taylor Creek Fire: The Latest https://t.co/FKhwLXU8gN There are no updates plus do not give how much contained. Not much help, god forgive if we needed help nd had to count on the TV stations, we would all die.",Fire Progression,Seeking visibility and official action,Neutral/Informational,Fire status and operations,Tracking Fire Scale and Containment Progress,Informational/Neutral,Fire Behavior and Status
klondike,Inoru42,"The smoke smudging the horizon to the southwest should be from the #GarnerComplex/#taylorcreekfire. That, or smoke from the #CarrFire is visible more than an hour north into Oregon. #shenanigans",Fire Progression,Living with smoke and threat,Alarm/Distress,"Smoke, weather, and air quality",Smoke Exposure and Air Quality Monitoring,Frustrated/Critical,Smoke and Air Quality
klondike,Inoru42,"Great views of the #taylorcreekfire part of the #GarnerComplex from I-5 just now... (pardon the sun reflections, the sun is in the west and I was trying to get good angles.) #shenanigans https://t.co/oZsH9mzWRw",Fire Progression,Seeking visibility and official action,Anger/Blame,Fire status and operations,Environmental Observation and Fire Spectacle,Informational/Neutral,Media and Information Sharing
klondike,madison_plaut,"The Taylor Creek fire is now burning 20,000+ acres and is now out of control again because it jumped the fire line they had on it. 4 acres away from my property and is still raging. 😬 They have some back burning going on the other side of the mountain. https://t.co/pZvzuSkS7n",Fire Progression,Living with smoke and threat,Neutral/Informational,Fire status and operations,Tracking Fire Scale and Containment Progress,Informational/Neutral,Fire Behavior and Status
klondike,MCGmikeb,"It’s crazy to think that the biggest wildfire in the nation is right in our backyard, and these men and women are working as hard as they can to stop it, so thank you for all that you do. @ODF #Taylorcreekfire
#GranerComplex https://t.co/lhzLd35I5s",Community Solidarity,"Solidarity, prayer, and gratitude",Gratitude/Appreciation,Community solidarity and appreciation,"Community Solidarity, Prayer, and Emotional Bonds",Grateful/Supportive,Media and Information Sharing
klondike,bunnyhugger75,"#TaylorCreekFire close to sunset. #Wildfire #forestfire @ Merlin, Oregon https://t.co/Pb9aJMRgk8",Fire Progression,Seeking visibility and official action,Neutral/Informational,Fire status and operations,Environmental Observation and Fire Spectacle,Concerned/Anxious,Media and Information Sharing
klondike,ForestDenizen,"The Taylor Creek fire (17,000 acres) in southern Oregon is about 4 mi from my house. Some areas have been evacuated for days. Very smokey and 100°F here. https://t.co/4QRAmXKNQd",Fire Progression,Living with smoke and threat,Alarm/Distress,Evacuation and public safety,"Personal Safety, Proximity, and Local Threat",Informational/Neutral,Personal Experience and Community Impact
klondike,bunnyhugger75,It’s very disturbing to sit on my porch and watch a forest burn. All those poor critters. #TaylorCreekFire #GarnerComplex #Wildfire #ForestFire #Oregon https://t.co/ocBG1WXRF6,Fire Progression,Seeking visibility and official action,Neutral/Informational,Fire status and operations,Environmental Observation and Fire Spectacle,Informational/Neutral,Situational Awareness and Mapping
klondike,Jwplumber96Troj,"Southern Oregon wildfires: Taylor Creek Fire grows to 16,500 acres, another dangerous day looms stay safe women men prayers honing out .hope it  rains  https://t.co/SFw4V4XUhV via @Salem_Statesman",Community Solidarity,"Solidarity, prayer, and gratitude",Alarm/Distress,Community solidarity and appreciation,"Community Solidarity, Prayer, and Emotional Bonds",Informational/Neutral,Media and Information Sharing
klondike,ww_Jefferson_do,I liked a @YouTube video https://t.co/xFePWIIN5P Taylor Creek Fire Update 7-27-18 Noon,Fire Progression,,,,"Situational Maps, Photos, and Visual Briefings",Informational/Neutral,Situational Awareness and Mapping
klondike,shirley_keeton,Thank you to the many @RedCrossCasc volunteers who are helping here at home providing shelter for those affected by the Taylor Creek Fire or headed south to help our neighbors in Northern California affected by the #carrfire.,Evacuation,,,,Evacuation Orders and Displacement Experiences,Grateful/Supportive,Evacuation and Area Closures
klondike,jcboice,"Please pray for my Home State of Oregon. The Taylor Creek Fire has quickly grown to 16,500 acres ... it is going to be a very dangerous day. https://t.co/YuPeotlWFS https://t.co/thA0KEZJF4",Fire Progression,Seeking visibility and official action,Alarm/Distress,Fire status and operations,Tracking Fire Scale and Containment Progress,Informational/Neutral,Fire Behavior and Status
klondike,Inoru42,"@burritojustice If you're seeing the Taylor Creek fire and the other ones are close, the other one is the South Umpqua Complex.",Fire Progression,,,,Tracking Fire Scale and Containment Progress,Informational/Neutral,Fire Behavior and Status
klondike,HamiltonRosalie,"Southern Oregon wildfires: Taylor Creek Fire grows to 16,500 acres, another dangerous day looms https://t.co/695xFERk6z via @salem_statesman",Fire Progression,Living with smoke and threat,Alarm/Distress,Fire status and operations,Tracking Fire Scale and Containment Progress,Informational/Neutral,Media and Information Sharing
klondike,SandraDegarmo,"Hey @randalusa, have you seen this...Southern Oregon wildfires: Taylor Creek Fire grows to 16,500 acres, another dangerous day looms https://t.co/07Gp2D34JA via @salem_statesman",Fire Progression,,,,Tracking Fire Scale and Containment Progress,Informational/Neutral,Media and Information Sharing
klondike,mlhdesigner,Parents place just went under Level 3 evac because of #taylorcreekfire 😔,Evacuation,Evacuation and immediate disruption,Neutral/Informational,Evacuation and public safety,Evacuation Orders and Displacement Experiences,Informational/Neutral,Evacuation and Area Closures
klondike,thetincat,"Southern Oregon wildfires: Taylor Creek Fire roars to 20,137 acres, moving erratically https://t.co/4j5EvyrHuI via @salem_statesman",Fire Progression,Seeking visibility and official action,Neutral/Informational,Fire status and operations,Tracking Fire Scale and Containment Progress,Informational/Neutral,Media and Information Sharing
klondike,bunnyhugger75,More #TaylorCreekFire pics my dad took today of the helicopters. https://t.co/sbHT9gmBG5,Operational Coordination,Seeking visibility and official action,Neutral/Informational,Fire status and operations,Firefighting Operations and Crew Deployment,Informational/Neutral,Operational Response and Resources
klondike,rboblee,"Southern Oregon wildfires: Taylor Creek Fire roars to 20,137 acres, moving erratically https://t.co/xF4lGNTgAH",Fire Progression,Seeking visibility and official action,Neutral/Informational,Fire status and operations,Tracking Fire Scale and Containment Progress,Informational/Neutral,Fire Behavior and Status
klondike,michid61,Fires burning so close to home.  Praying for rain. #taylorcreekfire #rain https://t.co/d587HG9Gzt,Community Solidarity,Living with smoke and threat,Alarm/Distress,"Smoke, weather, and air quality",Tracking Fire Scale and Containment Progress,Concerned/Anxious,Fire Behavior and Status
klondike,michid61,@OfficialLivePD I will be watching the fires burning close while watching my #LivePD   #Taylorcreekfire #merlinoregon #prayforrain https://t.co/JUT2JBTHWu,Fire Progression,,,,Tracking Fire Scale and Containment Progress,Engaged/Observational,Fire Behavior and Status
klondike,LesterRemhof,"#taylorcreekfire #smokeyallday #sunset #wildfire #wildfires #oregon @ Grants Pass, Oregon https://t.co/WVtPLkEm7j",Smoke / Air Quality,Living with smoke and threat,Alarm/Distress,"Smoke, weather, and air quality",Smoke Exposure and Air Quality Monitoring,Engaged/Observational,Smoke and Air Quality
klondike,61d24cb6df1a491,"Southern Oregon wildfires: Taylor Creek Fire roars to 20,137 acres, moving erratically https://t.co/OItFAOfOJd via @salem_statesman",Fire Progression,Seeking visibility and official action,Neutral/Informational,Fire status and operations,Tracking Fire Scale and Containment Progress,Informational/Neutral,Media and Information Sharing
klondike,SSBailey3,"As Southern Oregon fires grow, new lightning storms expected on Sunday https://t.co/1iP05JUKYy via @salem_statesman",Fire Progression,Seeking visibility and official action,Neutral/Informational,Fire status and operations,Media Amplification and Information Gaps,Informational/Neutral,Media and Information Sharing
klondike,SSBailey3,"As Southern Oregon fires grow, new lightning storms expected on Sunday https://t.co/1iP05JUKYy via @salem_statesman",Fire Progression,Seeking visibility and official action,Neutral/Informational,Fire status and operations,Media Amplification and Information Gaps,Informational/Neutral,Media and Information Sharing
klondike,ww_Jefferson_do,"I liked a @YouTube video https://t.co/53LMBWEz2A Taylor Creek Fire, My Drive to the Market in the Level 3 Zone 7-28 7pm",Evacuation,,,,Evacuation Orders and Displacement Experiences,Engaged/Observational,Evacuation and Area Closures
klondike,bunnyhugger75,"#IdLikeToThank
All the firefighters keeping this blaze from reaching me. #TaylorCreekFire https://t.co/896yaaQCvj",Operational Coordination,"Solidarity, prayer, and gratitude",Gratitude/Appreciation,Fire status and operations,Firefighting Operations and Crew Deployment,Informational/Neutral,Operational Response and Resources
klondike,miss_sonylu,"#TaylorCreekFire #GrantsPass Riverbanks rd and Burnette rd are now getting evacuated. Stay safe out there. #Oregon #Home 
We are 3hrs away from the #CarrFire 
Medford is under smoke 😔 https://t.co/3SVJ8Dn7W4",Evacuation,Evacuation and immediate disruption,Alarm/Distress,Evacuation and public safety,Evacuation Orders and Displacement Experiences,Distressed/Urgent,Evacuation and Area Closures
klondike,LTPthatsme,"Damn. This is what dedication, courage, commitment, passion and mad skills look like; sleeping with the Dragons...

#firefighters #forestfires #wildfires #hotshots and #everydayHeroes

#Redding #CarrFire #LongHollow #TaylorCreekFire #SubstationFire
#Oregon #California https://t.co/gZ55vtytcL",Operational Coordination,"Solidarity, prayer, and gratitude",Gratitude/Appreciation,Fire status and operations,Firefighting Operations and Crew Deployment,Grateful/Supportive,Operational Response and Resources
klondike,RevBug,"@AP Fires raging in so. Oregon, too. 
Gardner Complex, Taylor Creek",Fire Progression,,,,Media Amplification and Information Gaps,Informational/Neutral,Media and Information Sharing
klondike,iblvinhim777,"Southern Oregon wildfires: Growth slows, but temperatures continue to soar https://t.co/HldG3cNCL8",Fire Progression,Seeking visibility and official action,Neutral/Informational,Fire status and operations,Tracking Fire Scale and Containment Progress,Informational/Neutral,Fire Behavior and Status
klondike,JayVanOrman,Hello fighting Taylor Creek fire https://t.co/fBdiHh9TZe,Fire Progression,Seeking visibility and official action,Neutral/Informational,Fire status and operations,Media Amplification and Information Gaps,Informational/Neutral,Media and Information Sharing
klondike,HappyBoyDogBeds,Current fire info? — attending Fire Information: Klondike and Natchez Fires,Fire Progression,Sharing updates and resources,Neutral/Informational,Fire status and operations,Tracking Fire Scale and Containment Progress,Informational/Neutral,Fire Behavior and Status
klondike,garden__honey,"Southern Oregon wildfires: Taylor Creek Fire reaches 25,000 acres, creeps toward iconic Rogue River https://t.co/ehSm8yTqvd via @salem_statesman",Fire Progression,Seeking visibility and official action,Neutral/Informational,Fire status and operations,Tracking Fire Scale and Containment Progress,Informational/Neutral,Media and Information Sharing
klondike,KSWildFacts,Unhealthy and hazardous air. Can we get a statement from our local forest defenders? #wildfire #TaylorCreekFire #GarnerComplex https://t.co/u9hkze7EaI,Smoke / Air Quality,Living with smoke and threat,Alarm/Distress,"Smoke, weather, and air quality",Smoke Exposure and Air Quality Monitoring,Informational/Neutral,Smoke and Air Quality
klondike,toriallison,#thankyoufirefighters #merlin #southernoregon #gravecreekfire #TaylorCreekFire #galice #merlingalice #rogueriver https://t.co/MHXpLRDiPV,Operational Coordination,"Solidarity, prayer, and gratitude",Anger/Blame,Fire status and operations,Firefighting Operations and Crew Deployment,Informational/Neutral,Operational Response and Resources
klondike,MPreston541,@KDRV Thank you to everyone who is out at the #TaylorCreekFire helping my Dad save his house!,Community Solidarity,,,,"Community Solidarity, Prayer, and Emotional Bonds",Grateful/Supportive,Media and Information Sharing
klondike,toriallison,"Taylor Creek Fire in Southern Oregon at 25,000 acres, creeps toward iconic Rogue River https://t.co/WOem6Iv4KD via @KGWNews",Fire Progression,Seeking visibility and official action,Neutral/Informational,Fire status and operations,Media Amplification and Information Gaps,Informational/Neutral,Media and Information Sharing
klondike,KSWildFacts,The forest critters didn't get KS Wild's memo that they would have to learn to live with #wildfire. #TaylorCreekFire #GarnerComplex https://t.co/a1Ybh2jmMB,Fire Progression,Seeking visibility and official action,Neutral/Informational,Fire status and operations,Media Amplification and Information Gaps,Informational/Neutral,Media and Information Sharing
klondike,MamaPKL,@Sams3pups Thank you sweetheart! I don't know the area at all. Never crossed the Mississippi! Hoping it's just a bad cell tower. Earlier today it looked as though Taylor Creek fire was right there. Seems that has been corrected or diverted. So crazy!,Community Solidarity,,,,Tracking Fire Scale and Containment Progress,Grateful/Supportive,Fire Behavior and Status
klondike,Sams3pups,@MamaPKL Taylor Creek fire is in Grants Pass. It's a few hours drive from your friend. Hope this helps.,Fire Progression,,,,"Situational Maps, Photos, and Visual Briefings",Informational/Neutral,Situational Awareness and Mapping
klondike,bunnyhugger75,"#TaylorCreekFire #WildFire #ForestFire @ Merlin, Oregon https://t.co/vFCa4aS0VA",Fire Progression,Seeking visibility and official action,Neutral/Informational,Fire status and operations,Media Amplification and Information Gaps,Informational/Neutral,Media and Information Sharing
klondike,authorclaire1,"#Oregon - southern. Updated map, please make sure you are prepared: Taylor Creek Fire #TaylorCreek Note: areas have expanded south, north and northwest. https://t.co/9KWYeAzgcg",Geospatial Mapping,Sharing updates and resources,Neutral/Informational,Fire status and operations,Tracking Fire Scale and Containment Progress,Informational/Neutral,Fire Behavior and Status
klondike,KSWildFacts,"Feeling good about donations to Center for Biological Diversity and Sierra Club? Does it feel good to be complicit in the deaths of living beings? Anti-human pigs.
#carrFire #wildfires #taylorcreekfire #GarnerComplex https://t.co/g4SED9TOWJ",Fire Progression,Seeking visibility and official action,Hope/Reassurance,"Requests, donations, and aid",Media Amplification and Information Gaps,Informational/Neutral,Media and Information Sharing
klondike,authorclaire1,"#taylorcreek Back burning. This from Ewe Creek, southeast of Taylor Creek. Remember green 'get ready' is also to the north, northwest from Wilderville to beyond Wonder. All are precautionary because of back  burn but please be packed &amp; ready. GPHS still open for evacuees. https://t.co/c5EPBZvivp",Fire Progression,Seeking visibility and official action,Alarm/Distress,Evacuation and public safety,Tracking Fire Scale and Containment Progress,Concerned/Anxious,Fire Behavior and Status
klondike,StillonthatWall,"Uhhh , #klondikefire is gonna be this year's #biscuitfire .  I'm afraid It's gonna burn til October.",Fire Progression,Seeking visibility and official action,Alarm/Distress,Fire status and operations,"Personal Safety, Proximity, and Local Threat",Informational/Neutral,Personal Experience and Community Impact
klondike,JuliaJayes,#TaylorCreekFire is currently the nations #1 priority for #wildfires https://t.co/ivBcfGA4M3,Fire Progression,Seeking visibility and official action,Neutral/Informational,Fire status and operations,Media Amplification and Information Gaps,Informational/Neutral,Media and Information Sharing
klondike,lmtvictoria,Follow this link for Taylor Creek Fire https://t.co/4xkfQlq2M6,Fire Progression,Sharing updates and resources,Neutral/Informational,Fire status and operations,Media Amplification and Information Gaps,Informational/Neutral,Media and Information Sharing
klondike,lmtvictoria,Taylor Creek fire closes areas along Rogue River https://t.co/WrfPBhEoHq,Fire Progression,Seeking visibility and official action,Neutral/Informational,Fire status and operations,Media Amplification and Information Gaps,Informational/Neutral,Media and Information Sharing
klondike,rubyradness,"Holy shit! This is insane.... we called this fire in as soon as it started, how did it get so out of control??  https://t.co/S6rp8U9zmE",Fire Progression,Seeking visibility and official action,Alarm/Distress,Fire status and operations,Media Amplification and Information Gaps,Informational/Neutral,Media and Information Sharing
klondike,Landfyoung,"California’s Carr fire is horrific! So is Oregon’s Garner Complex, the Taylor  Creek Fire and all the other fires burning in Oregon. People are breathing- UNBREATHABLE air!!! @ABC @DavidMuir @CBSNews @CNN @NBCNews #wildfire #TaylorCreekFire #GarnerComplex

Please retweet &amp; Help! https://t.co/Vi1r4lwbUU",Fire Progression,Seeking visibility and official action,Alarm/Distress,"Requests, donations, and aid",Media Amplification and Information Gaps,Distressed/Urgent,Media and Information Sharing
klondike,OldPdxMillenial,"@oregonlive The Garner complex is at 27% contained, it would be responsible to break that down. As The largest, The Taylor creek fire is only 8% contained and threatens the most homes and people. The fire is still burning out of control and was only recently moved from 0% contain",Fire Progression,,,,Tracking Fire Scale and Containment Progress,Grateful/Supportive,Fire Behavior and Status
klondike,travelagent4u,"Taylor Creek Fire closes popular section of Rogue River, brings new #Oregon evacuation warnings https://t.co/RO3SuekIHZ via @salem_statesman",Evacuation,Evacuation and immediate disruption,Alarm/Distress,Evacuation and public safety,Evacuation Orders and Displacement Experiences,Informational/Neutral,Media and Information Sharing
klondike,YowStan,@SoulStealer25 We are 16 miles away from the Taylor Creek fire.,Fire Progression,,,,Tracking Fire Scale and Containment Progress,Informational/Neutral,Fire Behavior and Status
klondike,GregoryElwood1,Southern Oregon wildfires: Taylor Creek Fire prompts new evacuation orders | https://t.co/xcxpgKxTMP https://t.co/qIIy3IYSG8,Evacuation,Evacuation and immediate disruption,Alarm/Distress,Evacuation and public safety,Evacuation Orders and Displacement Experiences,Informational/Neutral,Evacuation and Area Closures
klondike,YowStan,"@LunaLuvgood2017 My backyard right now...Southern Oregon.
15 miles away from the Taylor Creek fire. 100 miles from Carr fire. Klondike fire is also close. https://t.co/cPGCVqu88B",Fire Progression,,,,"Personal Safety, Proximity, and Local Threat",Concerned/Anxious,Personal Experience and Community Impact
klondike,toriallison,#RogueRiver closure from #HogCreek to #Galice effective immediately.  Stay safe southern #Oregon and #thankyou firefighters!  #taylorcreekfire #merlin #grantspass https://t.co/65UJzzRmvA,Evacuation,"Solidarity, prayer, and gratitude",Gratitude/Appreciation,Community solidarity and appreciation,Media Amplification and Information Gaps,Informational/Neutral,Media and Information Sharing
klondike,MattyLAlbright,"The Taylor Creek fire has made its way over the mountain top and is burning one of my favorite places, I’m heartbroken for Oregon and California. Seriously can’t believe the wildfires are this bad this year 😭",Fire Progression,Living with smoke and threat,Alarm/Distress,Fire status and operations,Tracking Fire Scale and Containment Progress,Distressed/Urgent,Fire Behavior and Status
klondike,Landfyoung,Level 3 evacuations in the #TaylorCreekFire. Everyone is breathing UNBREATHABLE air! https://t.co/DehavPnZMI,Evacuation,Evacuation and immediate disruption,Alarm/Distress,Evacuation and public safety,Evacuation Orders and Displacement Experiences,Informational/Neutral,Evacuation and Area Closures
klondike,amandaKayyy,@futuresbabe Not super far. Taylor Creek is the closest one to me. Maybe 30 mins driving if that. I live in a valley and the smoke from it is just hanging out right in the valley.,Smoke / Air Quality,,,,Smoke Exposure and Air Quality Monitoring,Informational/Neutral,Smoke and Air Quality
klondike,amandaKayyy,@futuresbabe Yep. Taylor creek is part of the Garner Complex. Which is huge. The Carr fire in Redding is about a three hour drive,Fire Progression,,,,Tracking Fire Scale and Containment Progress,Informational/Neutral,Fire Behavior and Status
klondike,amandaKayyy,"@futuresbabe Here’s the view of Taylor creek from Grants Pass. The orange is the sunset, not fire. But still. https://t.co/1Y7Jipg96s",Fire Progression,,,,Environmental Observation and Fire Spectacle,Engaged/Observational,Situational Awareness and Mapping
klondike,amandaKayyy,@futuresbabe Yeah that is the Taylor Creek Fire,Fire Progression,,,,Tracking Fire Scale and Containment Progress,Informational/Neutral,Fire Behavior and Status
klondike,MarkTveskov,The #KlondikFire and #TaylorCreekFire loom on the horizon. https://t.co/45e2zijpek,Fire Progression,Seeking visibility and official action,Neutral/Informational,Fire status and operations,Media Amplification and Information Gaps,Informational/Neutral,Media and Information Sharing
klondike,HikingSaves,"Vast majority of Rogue River remains open to rafting and hiking despite wildfire https://t.co/MrmufpDcJU July 31, 2018 at 11:33PM",Fire Progression,Seeking visibility and official action,Neutral/Informational,Fire status and operations,Media Amplification and Information Gaps,Informational/Neutral,Media and Information Sharing
klondike,StevilleJanae,"Oregon: 'In the years since the Biscuit Fire, light vegetation that is extremely flammable has sprouted, providing abundant fuel for the Klondike, which doubled in size last week. The fuels are at a critical point in their ability to burn.' https://t.co/06t5H6y94E",Fire Progression,Seeking visibility and official action,Neutral/Informational,Fire status and operations,Firefighting Operations and Crew Deployment,Informational/Neutral,Operational Response and Resources
klondike,wshuntington,"@brittany0073 @natscapsfan42 Chloe is deploying to this fire tomorrow: Taylor Creek Fire grows to 30,000 acres amid firefight on the Rogue River https://t.co/BJR26cFLwZ via @salem_statesman",Fire Progression,,,,Tracking Fire Scale and Containment Progress,Informational/Neutral,Media and Information Sharing
klondike,jandianmfr,"Southern Oregon wildfires still growing, spewing hazardous smoke with no end in sight https://t.co/cQSWTb1lqh",Smoke / Air Quality,Living with smoke and threat,Alarm/Distress,"Smoke, weather, and air quality",Smoke Exposure and Air Quality Monitoring,Concerned/Anxious,Smoke and Air Quality
klondike,KryceksAngel,@ConvoyofHope So you're not going to help with the Garner Complex fire and Taylor Creek Fire?  Displaced people there too...hmmm,Evacuation,,,,Tracking Fire Scale and Containment Progress,Informational/Neutral,Fire Behavior and Status
klondike,moxbluvalkyrie,"@NateWantsToBtl Dealing with summer induced depression, migraines from smoke. But, we're well outside of the level one evacuation area for the Taylor Creek Fire, so, there's that.",Evacuation,,,,Evacuation Orders and Displacement Experiences,Informational/Neutral,Evacuation and Area Closures
klondike,Morrisonslodge,https://t.co/4jlzhcQB2E https://t.co/4jlzhcQB2E,Fire Progression,,,,Media Amplification and Information Gaps,Informational/Neutral,Media and Information Sharing
klondike,NotOneNotTwo,two large fires in southern oregon to the west of grants pass - the Taylor Creek fire (30K acres) and the Klondike fire (20K acres). https://t.co/oWxDBE87cU,Fire Progression,Seeking visibility and official action,Neutral/Informational,Fire status and operations,"Personal Safety, Proximity, and Local Threat",Informational/Neutral,Personal Experience and Community Impact
klondike,Cherrystables,Just found out that the Taylor Creek Fire probably has burned down the cross I made for my first husband out at He'll Gate Canyon. I guess I'll have to wait till they feel it safe to go there and hike over to see if it's still standing or not. — feeling bummed,Fire Progression,"Solidarity, prayer, and gratitude",Anger/Blame,Fire status and operations,Tracking Fire Scale and Containment Progress,Distressed/Urgent,Fire Behavior and Status
klondike,dantherriault,"Last week, I drove through the fires in the mountains of southern Oregon. When you get out of the car, your lungs are filled with smoke. I don't know how people are living through it.
https://t.co/qpOxQ8fBp0",Evacuation,Living with smoke and threat,Alarm/Distress,"Smoke, weather, and air quality",Smoke Exposure and Air Quality Monitoring,Informational/Neutral,Smoke and Air Quality
klondike,Alice_Lema,"Thanks to Fire Fighters .. Taylor Creek Fire Holds at the Rogue River, Burns Over 31,000 Acres  https://t.co/EsM9voLTSI",Fire Progression,"Solidarity, prayer, and gratitude",Gratitude/Appreciation,Community solidarity and appreciation,Tracking Fire Scale and Containment Progress,Informational/Neutral,Fire Behavior and Status
klondike,ErinHarold5,"Taylor Creek Fire grows to 30,000 acres amid firefight on the Rogue River https://t.co/JIiRISZrRs via @salem_statesman",Fire Progression,Seeking visibility and official action,Neutral/Informational,Fire status and operations,Tracking Fire Scale and Containment Progress,Informational/Neutral,Media and Information Sharing
klondike,RogueGuiden,"Taylor Creek Fire Holds at the Rogue River, Burns Over 31,000 Acres https://t.co/MtwuzhHvHW",Fire Progression,Seeking visibility and official action,Neutral/Informational,Fire status and operations,Tracking Fire Scale and Containment Progress,Informational/Neutral,Fire Behavior and Status
klondike,0grerogue,"IN EXTREME FIRE LEVEL, THIS HAPPENED.. I live 1/2 mile from L 1 evac for #TaylorCreekFire   People on Forest Glen behind me, dropped the last of 3 trees  at 10:25 pm. Last night.  2 people called 911 and ODF, but no one came out. https://t.co/yZRAUZI9Nd",Fire Progression,Evacuation and immediate disruption,Anger/Blame,Evacuation and public safety,"Personal Safety, Proximity, and Local Threat",Informational/Neutral,Media and Information Sharing
klondike,KSWildFacts,"Burning Up the West: Feds, Greens Cause Catastrophic Fires #wildfires #TaylorCreekFire #WILDERNESS #GarnerComplex https://t.co/0YHDfDWRKh",Fire Progression,Living with smoke and threat,Neutral/Informational,Media and political accountability,Tracking Fire Scale and Containment Progress,Informational/Neutral,Fire Behavior and Status
klondike,Kountrytaylor,Klondike and Taylor Creek Fires Continue to Grow - Wild Coast Compass https://t.co/eYs4vRLisJ,Fire Progression,Seeking visibility and official action,Neutral/Informational,Fire status and operations,Media Amplification and Information Gaps,Informational/Neutral,Media and Information Sharing
klondike,OrGangrene,Klondike fire about 4 miles north. https://t.co/nsox83OFxe,Fire Progression,Seeking visibility and official action,Anger/Blame,Fire status and operations,"Personal Safety, Proximity, and Local Threat",Informational/Neutral,Media and Information Sharing
klondike,stafforddavir54,"Klondike Fire Takes A Run, Evacuation Warnings Issued In Selma https://t.co/2HH4fjouAb",Evacuation,Evacuation and immediate disruption,Alarm/Distress,Evacuation and public safety,Evacuation Orders and Displacement Experiences,Informational/Neutral,Evacuation and Area Closures
klondike,andersonantibet,"Seven major wildfires spew smoke into Southern Oregon, with no end in sight https://t.co/bskLyoN4Oh",Smoke / Air Quality,Living with smoke and threat,Alarm/Distress,"Smoke, weather, and air quality",Smoke Exposure and Air Quality Monitoring,Concerned/Anxious,Smoke and Air Quality
klondike,Eschersand,"Seven major wildfires spew smoke into Southern Oregon, with no end in sight.

“People are sick and tired of nothing being done. They’re getting angry and cynical, and that’s a bad path to go down.”

#SaveNature #RetireHumanity #UndergroundHumanReservations
https://t.co/8HmlXQcR48",Smoke / Air Quality,Living with smoke and threat,Alarm/Distress,"Smoke, weather, and air quality",Smoke Exposure and Air Quality Monitoring,Frustrated/Critical,Smoke and Air Quality
klondike,sylvancreek,"West Coast wildfires as seen from the ISS: The Ferguson Fire at Yosemite; the Mendocino Complex east of Ukiah - smoke merging with the Perry Fire north of Reno; the Carr Fire at Redding; the Taylor Creek Fire west of Grants Pass, and the South Umpqua Complex west of Crater Lake. https://t.co/0hbnLuVDCR",Smoke / Air Quality,Living with smoke and threat,Alarm/Distress,"Smoke, weather, and air quality",Smoke Exposure and Air Quality Monitoring,Informational/Neutral,Smoke and Air Quality
klondike,DiaLuvz,Klondike fire 🔥 @ Rogue River–Siskiyou National Forest https://t.co/iivI6nWXDI,Fire Progression,Seeking visibility and official action,Neutral/Informational,Fire status and operations,Media Amplification and Information Gaps,Informational/Neutral,Media and Information Sharing
klondike,mpruett65,"Keep positive thoughts flowing for Nick and his crew. 
They got called back this morning and, initially were going to go help with the Natchez Fire but were re-assigned to the Klondike Fire. 
If you follow the news,... https://t.co/3Zy9ZX8F9n",Operational Coordination,Seeking visibility and official action,Alarm/Distress,"Requests, donations, and aid",Media Amplification and Information Gaps,Informational/Neutral,Media and Information Sharing
klondike,Stace_RNresists,"National Guard arrives to patrol as Taylor Creek, Klondike fires grow https://t.co/CCnrxMfMn4 via @salem_statesman. @realDonaldTrump   Nothing to help us? Too busy trying to cover your evil ass!!!!",Public Accountability,Seeking visibility and official action,Alarm/Distress,"Requests, donations, and aid",Media Amplification and Information Gaps,Informational/Neutral,Media and Information Sharing
klondike,CharlieWillia19,@realDonaldTrump I grew up in Taylor creek wilderness fire zone along Rogue river when they stopped logging and replanting the dense under brush grew Trump is right. We need better forest management. And cutting and reforestation  has to happen or the result is what we have right now!!!!,Fire Progression,,,,Tracking Fire Scale and Containment Progress,Frustrated/Critical,Fire Behavior and Status
klondike,OWS_ellie,Half of Oregon in ‘severe drought’ following record-setting July heat as wildfires rage https://t.co/U1i95d4uVb via @salem_statesman,Fire Progression,Seeking visibility and official action,Neutral/Informational,Fire status and operations,Media Amplification and Information Gaps,Informational/Neutral,Media and Information Sharing
klondike,RoverDov123,"Two fires about to combine together.. 
https://t.co/sDbqzyDgen",Fire Progression,Seeking visibility and official action,Neutral/Informational,Community solidarity and appreciation,Media Amplification and Information Gaps,Informational/Neutral,Media and Information Sharing
klondike,1RedForrest,"Oregon is not exempt from the wildfires sweeping through the American western states:

https://t.co/4go6AEcMaN",Fire Progression,Seeking visibility and official action,Anger/Blame,Fire status and operations,Media Amplification and Information Gaps,Informational/Neutral,Media and Information Sharing
klondike,garden__honey,@asap_Beardy @crookedroads770 @CACorrections @CA_Dem ATM view driving North no one should work for free in any conditions but these are especially dangerous ones. #Siskiyou #wildfires #CarrFire #TaylorCreekFire  #I5 #PNW https://t.co/UMekCd7U2w,Fire Progression,,,,Environmental Observation and Fire Spectacle,Distressed/Urgent,Media and Information Sharing
klondike,jrtenace,"@ShepRose Thank you Shep! I live in Grants Pass, Or. The fire is Taylor Creek and is 10 miles from my house. 😩 the smoke is horrible and it’s 39,000 acres...",Fire Progression,,,,"Personal Safety, Proximity, and Local Threat",Distressed/Urgent,Personal Experience and Community Impact
klondike,mparsagianagent,"Another great tribute to all of the Firefighters. It's painted on a window at Roe Motors by an artist, David Willhite. 
😍 

#grantspass #southernoregon #southernoregonfires #firefighters #roguevalley #josephinecounty #taylorcreekfire #garnercomplexfire https://t.co/jD0eHXZ0xF",Operational Coordination,"Solidarity, prayer, and gratitude",Anger/Blame,Fire status and operations,Firefighting Operations and Crew Deployment,Informational/Neutral,Operational Response and Resources
klondike,Saraziesque,"""Climate scientist Kathie Duello...said hotter weather loads the dice toward more severe wildfire seasons in Oregon. 'The changing climate just makes these events more likely...We have to prepare for the world we’re living in, and so far, we haven’t.'”  
https://t.co/GYb65qAxoY",Fire Progression,Seeking visibility and official action,Neutral/Informational,"Smoke, weather, and air quality","Personal Safety, Proximity, and Local Threat",Informational/Neutral,Weather and Environmental Conditions
klondike,verhaal140,"Even terugdenkend aan vorig jaar. Toen dreigden bosbranden rook in het eten te gooien van de zonsverduistering in Oregon. Ook dit jaar staan niet alleen in Californië, maar ook in Oregon weer grote bosgebieden in brand. #klimaatverandering #climatechange  https://t.co/qhNuNmdeDj",Fire Progression,Seeking visibility and official action,Neutral/Informational,Fire status and operations,Media Amplification and Information Gaps,Informational/Neutral,Media and Information Sharing
klondike,NancyHRealtor,"HOME MAINTENANCE TIPS TO CREATE A DEFENSIBLE SPACE AT YOUR HOME. 
https://t.co/BcsAvAaYEa

#grantspass #TaylorCreekFire #KlondikeFire #SouthernOregon #RogueValley #SoutherOregonFires #SouthernOregonHomes #josephinecounty #medford #ashland #oregonhomeowners #oregonhomes #remax",Smoke / Air Quality,Living with smoke and threat,Anger/Blame,"Smoke, weather, and air quality",Smoke Exposure and Air Quality Monitoring,Engaged/Observational,Smoke and Air Quality
klondike,CreateSuccess,"Seven major wildfires spew smoke into Southern Oregon, with no end in sight.  😢 https://t.co/ZXC6Xoa1sq",Smoke / Air Quality,Living with smoke and threat,Alarm/Distress,"Smoke, weather, and air quality",Smoke Exposure and Air Quality Monitoring,Concerned/Anxious,Smoke and Air Quality
klondike,olsuzanna1,"Seven major wildfires spew smoke into Southern Oregon, with no end in sight https://t.co/daSbLDVjKZ",Smoke / Air Quality,Living with smoke and threat,Alarm/Distress,"Smoke, weather, and air quality",Smoke Exposure and Air Quality Monitoring,Concerned/Anxious,Smoke and Air Quality
klondike,mpruett65,"An update from Nick and his crew. As of this morning they are being re-assigned, again, to the Natchez Fire as they want Klondike and Taylor Creek to combine. 
Sounds like it is easier and safer to fight one very... https://t.co/gFb6qLzwlc",Operational Coordination,"Solidarity, prayer, and gratitude",Hope/Reassurance,Fire status and operations,Firefighting Operations and Crew Deployment,Informational/Neutral,Operational Response and Resources
klondike,NadeneBradburn,Prayers for my hometown. Southern Oregon fires: Rogue River reopens after progress on Taylor Creek Fire https://t.co/0VJWBgbUL3 via @salem_statesman,Community Solidarity,Evacuation and immediate disruption,Alarm/Distress,Community solidarity and appreciation,"Personal Safety, Proximity, and Local Threat",Informational/Neutral,Media and Information Sharing
klondike,RoverDov123,https://t.co/WfsEXss3mG,Fire Progression,,,,Media Amplification and Information Gaps,Informational/Neutral,Media and Information Sharing
klondike,ebutter,"This #CarrFire is no joke.  Drove 500 miles from Bend to Santa Rosa today, nasty nasty smoke entire time.  Some of the smoke in southern OR is from #TaylorCreekFire and #KlondikeFire open mailbox to this cover of @TheEconomist #climatechange #ClimateChangeIsReal https://t.co/pGeppWqkl2",Fire Progression,Living with smoke and threat,Alarm/Distress,"Smoke, weather, and air quality",Smoke Exposure and Air Quality Monitoring,Concerned/Anxious,Smoke and Air Quality
klondike,survivingearth,"Seven major wildfires spew smoke into Southern Oregon, with no end in sight https://t.co/vmzssjhoq7",Smoke / Air Quality,Living with smoke and threat,Alarm/Distress,"Smoke, weather, and air quality",Smoke Exposure and Air Quality Monitoring,Concerned/Anxious,Smoke and Air Quality
klondike,1RedForrest,"A critical 'fire line' has been successfully held in place by firefighters in Southern Oregon:

https://t.co/MGDejyrt11",Operational Coordination,"Solidarity, prayer, and gratitude",Neutral/Informational,Fire status and operations,Tracking Fire Scale and Containment Progress,Informational/Neutral,Fire Behavior and Status
klondike,CoastOzzy,"#FireSeason2018 A less stable air mass is moving into southern Oregon, boosting vertical mixing and relieving some of the smoke effects, but increasing winds and fire risks. Westerly winds Friday may bring more smoke from Klondike and Taylor Creek fires to the Rogue Valley. https://t.co/MsBl16ClD2",Smoke / Air Quality,Living with smoke and threat,Alarm/Distress,"Smoke, weather, and air quality",Smoke Exposure and Air Quality Monitoring,Informational/Neutral,Smoke and Air Quality
klondike,mredruiz,"Seven major wildfires spew smoke into Southern Oregon, with no end in sight https://t.co/WCSwGE67vK",Smoke / Air Quality,Living with smoke and threat,Alarm/Distress,"Smoke, weather, and air quality",Smoke Exposure and Air Quality Monitoring,Concerned/Anxious,Smoke and Air Quality
klondike,lsfarmer311,"The Taylor Creek Fire w/in 10 miles of my home for weeks... Gotta ask, which of the GOP cronies are part of privatized firefighting? I was volunt. firefighter in CO w/my 'red' card ~15 yrs ago. Now almost all private companies.  Another, good reason to deny climate change, imo. https://t.co/OkyKZK3p3h",Operational Coordination,Evacuation and immediate disruption,Anger/Blame,Personal experience and disruption,"Personal Safety, Proximity, and Local Threat",Concerned/Anxious,Personal Experience and Community Impact
klondike,ewoksamongus,"Blanket of Smoke Grounds Klondike and Taylor Creek Aircraft for 'Four Days'  via NewsWatch 12

“Air support for crews battling the Taylor Creek and Klondike fires has been grounded for four days due to low visibility, according to fire officials.” https://t.co/CfGofkAx78",Smoke / Air Quality,Seeking visibility and official action,Alarm/Distress,Fire status and operations,Smoke Exposure and Air Quality Monitoring,Informational/Neutral,Media and Information Sharing
klondike,1RedForrest,"As detailed in the video, the 'Taylor Creek' and 'Klondike' fires in Southern Oregon may merge into one vicious monster:

https://t.co/4UgwPZQDov",Geospatial Mapping,Seeking visibility and official action,Neutral/Informational,Fire status and operations,Firefighting Operations and Crew Deployment,Engaged/Observational,Operational Response and Resources
klondike,dddreamcat,"Prayers for West &amp; East coast...🔥🚒💗🌦️💧☔💗🕯️🕯️📖

https://t.co/GujJfpJ53d",Community Solidarity,,,,"Community Solidarity, Prayer, and Emotional Bonds",Informational/Neutral,Media and Information Sharing
klondike,barttels2,"@MedfordALERT Klondike on the Kalmiopsis ""wilderness"" is roaring back, though (today's reports). Home of the Biscuit fire, and thanks to lawsuit after lawsuit, never thinned &amp; hugely overgrown with 10-15' brush &amp; dead snags. Welcome to BLM lands run by environmentalists.",Community Solidarity,,,,Evacuation Orders and Displacement Experiences,Grateful/Supportive,Evacuation and Area Closures
klondike,NancyHRealtor,"Thank you to all of our first responders and firefighters. Your courageous acts are always recognized and appreciated. 

#firefighters #firstresponders #southernoregon #roguevalley #KlondikeFire #taylorcreekfire #southernoregonfires #grantspass #grantspassor https://t.co/83xnyIrmim",Community Solidarity,"Solidarity, prayer, and gratitude",Gratitude/Appreciation,Fire status and operations,Firefighting Operations and Crew Deployment,Grateful/Supportive,Operational Response and Resources
klondike,barttels2,"Our air overnight was momentarily breathable. Unfortunately, the Klondike fire on the Kalmiopsis ""wilderness"" (aka catastrophic wildfire production zone) blew up by another almost 10k acres, so more smoke on the way.

Forest management, environmentalist lawsuit style. https://t.co/lHDsFCew6K",Fire Progression,Living with smoke and threat,Neutral/Informational,Fire status and operations,Tracking Fire Scale and Containment Progress,Informational/Neutral,Fire Behavior and Status
klondike,scigirl2010,"Check out the crazy amazing display of sci comm of Live@5 Fire info on #TaylorCreekFire by PIO Kale Casey, @pnw2 @NWCCInfo &amp; this was just a pilot program!! https://t.co/qY9CvQmjQk",Fire Progression,,,,Environmental Observation and Fire Spectacle,Informational/Neutral,Media and Information Sharing
klondike,scigirl2010,@NWCCInfo @pnw2 Kale Casey did 14 episodes + video community mtgs to keep folks near #Klondike &amp; #TaylorCreekFire updated &amp; informed. Super informative &amp; reduced anxiety among residents. This should be standard ops for ALL wildfires!! https://t.co/Wk1I5rF81Z https://t.co/PiqIeto1dF,Fire Progression,,,,"Situational Maps, Photos, and Visual Briefings",Informational/Neutral,Situational Awareness and Mapping
klondike,1RedForrest,"This is a new online-update regarding the Oregon wildfires:

https://t.co/I1JPRIgYSH",Fire Progression,Sharing updates and resources,Neutral/Informational,Fire status and operations,Tracking Fire Scale and Containment Progress,Informational/Neutral,Media and Information Sharing
klondike,francogenix,"The 5 hottest Julys in Southern Oregon have all happened since 2013, fueling wildfires https://t.co/GGY5Wxzmw2",Fire Progression,Seeking visibility and official action,Neutral/Informational,Fire status and operations,Media Amplification and Information Gaps,Informational/Neutral,Media and Information Sharing
klondike,GisselleRangel3,Skeletal remains of a snake following the Taylor Creek Fire in California https://t.co/Fk437KnvHF,Fire Progression,Seeking visibility and official action,Neutral/Informational,Fire status and operations,Firefighting Operations and Crew Deployment,Informational/Neutral,Operational Response and Resources
klondike,FabulousWeird,Skeletal remains of a snake following the Taylor Creek Fire in California https://t.co/mIjULnPYRA,Fire Progression,Seeking visibility and official action,Neutral/Informational,Fire status and operations,Firefighting Operations and Crew Deployment,Informational/Neutral,Operational Response and Resources
klondike,RandyCouch60,"Major wildfires in Oregon: Klondike fire tops 51,000 acres https://t.co/2l0gMyDaZH",Fire Progression,Seeking visibility and official action,Neutral/Informational,Fire status and operations,Tracking Fire Scale and Containment Progress,Informational/Neutral,Fire Behavior and Status
klondike,1RedForrest,"Per this report, “The Alaska Incident Management team took over command for the Pacific Northwest Team two”, which is all about the 'Klondike' &amp; 'Taylor Creek' wildfires blazing in Oregon:

https://t.co/RIH4OUpxox",Operational Coordination,Sharing updates and resources,Neutral/Informational,Fire status and operations,Media Amplification and Information Gaps,Informational/Neutral,Media and Information Sharing
klondike,AvatarDomy,"This snake died in the California fires near Taylor Creek 
https://t.co/ua7wkaJ1Di https://t.co/wQuKTd85O3",Fire Progression,Seeking visibility and official action,Neutral/Informational,Fire status and operations,Media Amplification and Information Gaps,Informational/Neutral,Media and Information Sharing
klondike,KoehlerMatthew,@forestservice Sure looks like the @forestservice is cutting down some large trees on the #KlondikeFire in Oregon. This is an official USFS via @inciweb. #Wildfires #wildfire @ZachsORoutdoors @OPBmorning @OPB @Leah_Sottile https://t.co/IK95yFAXhr,Geospatial Mapping,,,,Media Amplification and Information Gaps,Informational/Neutral,Media and Information Sharing
klondike,KoehlerMatthew,"@forestservice Also, @forestservice is notorious for massive burn-out operations when fighting #wildfires in SW #Oregon. Often the FS targets old-growth, which they burn intentionally, and then log post-fire. Photo of #KlondikeFire via @inciweb. @ZachsORoutdoors @OPBmorning @OPB @Leah_Sottile https://t.co/DvrHYNcdsF",Fire Progression,,,,Tracking Fire Scale and Containment Progress,Informational/Neutral,Media and Information Sharing
klondike,DoeblerJosh,https://t.co/vQZnYDWdPv,Fire Progression,,,,Media Amplification and Information Gaps,Informational/Neutral,Media and Information Sharing
klondike,toriallison,It’s snowing ash in southern #Oregon from all the forest fires. View from I-5 South. #grantspass and #merlin are somewhere in the midst of all that smoke. Usually can see for miles. #TaylorCreekFire #thankyoufirefighters https://t.co/d0M2dFjXvl,Smoke / Air Quality,Living with smoke and threat,Anger/Blame,"Smoke, weather, and air quality",Smoke Exposure and Air Quality Monitoring,Engaged/Observational,Smoke and Air Quality
klondike,DustySonoran,Bulldozer operator on Klondike Fire has gun pulled on him https://t.co/Q7uj9Uvnzt,Fire Progression,Seeking visibility and official action,Neutral/Informational,Fire status and operations,Media Amplification and Information Gaps,Informational/Neutral,Media and Information Sharing
klondike,MappingSupport,"8/15 Wednesday #KlondikeFire Oregon 59,105 acres per analysis of infrared data by fire staff.  See ""Legend"" and ""Map tips"" links (upper left corner) to get the most benefit from the map. Open online map: https://t.co/HMnbl3z8X0 #GeoSpatial https://t.co/NWfDLLhL2H",Geospatial Mapping,Sharing updates and resources,Neutral/Informational,Fire status and operations,"Situational Maps, Photos, and Visual Briefings",Informational/Neutral,Media and Information Sharing
klondike,toriallison,#GaliceBridge #rogueriver #merlin #galice #oregon #smokenotfog #TaylorCreekFire #ourfirefighterskickash https://t.co/HT1LkmcQ0t,Smoke / Air Quality,Living with smoke and threat,Alarm/Distress,"Smoke, weather, and air quality",Smoke Exposure and Air Quality Monitoring,Engaged/Observational,Smoke and Air Quality
klondike,sonnymehta,RenewOregon: Southern Oregon wildfires: High winds could push out smoke and wake up wildfires https://t.co/QWpPg86L2q #wildfires #ActOnClimate via @Salem_Statesman https://t.co/DctLLxLBab,Smoke / Air Quality,Living with smoke and threat,Alarm/Distress,"Smoke, weather, and air quality",Smoke Exposure and Air Quality Monitoring,Informational/Neutral,Media and Information Sharing
klondike,Ksdays541,Merlin | Klondike and Taylor Creek Fires merge - KOBI-TV NBC5 / KOTI-TV NBC2 https://t.co/ZhuOSZ25sk,Fire Progression,Seeking visibility and official action,Neutral/Informational,Fire status and operations,Media Amplification and Information Gaps,Informational/Neutral,Media and Information Sharing
klondike,FatNinjaJim,"Couldn't say it better than below.  Be like the snake, even against insurmountable odds.

Regrann from @detachment_1 -  This snake was running for its life and realized he wasn't going to win so he turned to fight. Be like this snake. 
#TaylorCreekFire #… https://t.co/5xgEJOifXS https://t.co/W0uKdDyVU1",Fire Progression,Seeking visibility and official action,Hope/Reassurance,Fire status and operations,Firefighting Operations and Crew Deployment,Informational/Neutral,Operational Response and Resources
klondike,mparsagianagent,Are the smoky conditions getting you down? Just wanted to share some suggestions for indoor activities. #taylorcreekfire #klondikefire #grantspass #Southernoregon #southernoregonfires #roguevalley #remax #indooractivities https://t.co/k03PnTR1dO,Smoke / Air Quality,Seeking visibility and official action,Anger/Blame,Fire status and operations,Media Amplification and Information Gaps,Informational/Neutral,Media and Information Sharing
klondike,cjDallas1,"Klondike Fire has grown to 59,000 acres ... Keeping eye on this bad boy!",Fire Progression,Seeking visibility and official action,Neutral/Informational,Fire status and operations,Tracking Fire Scale and Containment Progress,Informational/Neutral,Fire Behavior and Status
klondike,1RedForrest,"The Klondike Fire' in Southern Oregon has grown quite a bit as seen in the video:

https://t.co/pJMpP22NTX",Geospatial Mapping,Seeking visibility and official action,Neutral/Informational,Fire status and operations,"Situational Maps, Photos, and Visual Briefings",Engaged/Observational,Situational Awareness and Mapping
klondike,Extreme4x4Forum,"My buddy flippobuiltmotorsports sent me these today. Momma and 2 babies near the Klondike fire in Oregon. 
Justin runs an excavator with a mulching head attached to it, basically he goes… https://t.co/YnHrIJVO5x",Fire Progression,Seeking visibility and official action,Neutral/Informational,Fire status and operations,Firefighting Operations and Crew Deployment,Informational/Neutral,Operational Response and Resources
klondike,Extrem4x4Nation,"My buddy Justin Rainwater sent me this video today. Momma and 2 babies near the Klondike fire in Oregon. 
Justin runs an excavator with a mulching head attached to it, basically he goes ahead of the fire and... https://t.co/e2pTpn0aZr",Geospatial Mapping,Seeking visibility and official action,Hope/Reassurance,"Smoke, weather, and air quality",Firefighting Operations and Crew Deployment,Engaged/Observational,Operational Response and Resources
klondike,GloverLindaJ,"Perhaps the saddest photo I've ever seen, posted on FB by a firefighter fighting Oregon's Taylor Creek Fire--a helpless snake's heroic attempt to hiss back the flames at the very moment it took its life. #wildfire https://t.co/GTndIKfH4j",Operational Coordination,Seeking visibility and official action,Alarm/Distress,"Requests, donations, and aid",Firefighting Operations and Crew Deployment,Informational/Neutral,Operational Response and Resources
klondike,Ksdays541,#TaylorCreekFire - Update we have mostly clear skies yesterday and today so far. #ThankYouFireFighters #pacificnorthwest #wildfires https://t.co/QUaODIYWVu,Operational Coordination,"Solidarity, prayer, and gratitude",Anger/Blame,Fire status and operations,Firefighting Operations and Crew Deployment,Informational/Neutral,Operational Response and Resources
klondike,Ksdays541,"If you leave them fresh water, they will come....  #cougar #puma #mountainlion #mountainlion #TaylorCreekFire https://t.co/J7KVtyhn2Z",Fire Progression,Evacuation and immediate disruption,Neutral/Informational,Evacuation and public safety,Evacuation Orders and Displacement Experiences,Informational/Neutral,Media and Information Sharing
klondike,Ksdays541,#TaylorCreekFire #SouthernOregon #RogueRiver https://t.co/HF3zjFn8pq,Fire Progression,Seeking visibility and official action,Anger/Blame,Fire status and operations,Media Amplification and Information Gaps,Informational/Neutral,Media and Information Sharing
klondike,sariekate86,I used @ilnpbrand #brilliance over @TwinkledT #ghosted for this #nailart #gradient look. It matched the smoke from the #taylorcreekfire in #grantspass. Year five of the worst air quality… https://t.co/oBVAdogrS9,Smoke / Air Quality,,,,Smoke Exposure and Air Quality Monitoring,Informational/Neutral,Smoke and Air Quality
klondike,ewoksamongus,Clear Air Causes Klondike Fire to Grow Thousands of Acres  via NewsWatch 12 https://t.co/CfGofkAx78,Fire Progression,Seeking visibility and official action,Neutral/Informational,Fire status and operations,Media Amplification and Information Gaps,Informational/Neutral,Media and Information Sharing
klondike,reginamia,"Photo of rattlesnake frozen in death during the Taylor Creek wildfire  in Melin, Oregon. His last defiant act was to strike at the flames that  consumed him. (Photograph by Dustin Davis) https://t.co/0mbCaDThBv",Fire Progression,Seeking visibility and official action,Neutral/Informational,Fire status and operations,Environmental Observation and Fire Spectacle,Engaged/Observational,Situational Awareness and Mapping
klondike,the_best_drones,New drone joins fight against the Klondike Fire https://t.co/nKLXoTggUR,Fire Progression,Seeking visibility and official action,Neutral/Informational,Fire status and operations,Media Amplification and Information Gaps,Informational/Neutral,Media and Information Sharing
klondike,proudmom1216,Woke up to this knew was suppose to be worse today. But not like last year st this time thank God #westcoastfires #lowairquality #wildfires #wildfiresmoke #northernfiresmoke #KlondikeFire #oregonsmoke https://t.co/lqCI7isnbJ,Smoke / Air Quality,Living with smoke and threat,Alarm/Distress,"Smoke, weather, and air quality",Smoke Exposure and Air Quality Monitoring,Informational/Neutral,Smoke and Air Quality
klondike,KoehlerMatthew,Keep in mind that much of the 'expansion' of the #KlondikeFire is because the @forestservice is intentionally lighting more fires to fight the #wildfire. Check out the photo proving this fact. These 'backburns' typically burn at a high intensity. https://t.co/FqFZ0JUjpa,Fire Progression,Seeking visibility and official action,Neutral/Informational,Fire status and operations,Environmental Observation and Fire Spectacle,Engaged/Observational,Situational Awareness and Mapping
klondike,DottieMD,"@KoehlerMatthew @forestservice I think it's worth noting too that the #KlondikeFire is in Oregon, not in Washington.",Fire Progression,,,,Smoke Exposure and Air Quality Monitoring,Engaged/Observational,Smoke and Air Quality
klondike,BizzarroBazar,"""Don't Tread On Me"": rattlesnake frozen in death during the Taylor Creek wildfire in Melin, Oregon. His last defiant act was to strike at the flames that consumed him. (Photograph by Dustin Davis) https://t.co/0vhmbQar9Z",Fire Progression,Seeking visibility and official action,Neutral/Informational,Fire status and operations,Environmental Observation and Fire Spectacle,Engaged/Observational,Situational Awareness and Mapping
klondike,gotyoursixgirl,Talk about a badass photo. This was found after the Taylor Creek forest fire in OR. This snake's last act of defiance while the fire consumed him. Photo taken by Dustin Davis. https://t.co/WMOao0yLeH,Fire Progression,Seeking visibility and official action,Alarm/Distress,Fire status and operations,Environmental Observation and Fire Spectacle,Engaged/Observational,Situational Awareness and Mapping
klondike,webchickbot,Klondike Fire Crews Aim For Full Suppression https://t.co/OEvdiJGvia,Operational Coordination,Seeking visibility and official action,Neutral/Informational,Fire status and operations,Firefighting Operations and Crew Deployment,Informational/Neutral,Media and Information Sharing
klondike,TJPublicSafety,Fire Crews Use Special Drones to Help with Back Burns on Klondike Fire https://t.co/4TnaH0OZNm,Operational Coordination,Seeking visibility and official action,Alarm/Distress,Fire status and operations,Firefighting Operations and Crew Deployment,Informational/Neutral,Operational Response and Resources
klondike,CleanPowerEra,"CREWS USE SPECIAL DRONES TO HELP WITH BACK BURNS ON KLONDIKE FIRE
#Drones #TechNews #technology #deeptech
https://t.co/eczGSQ7q2u https://t.co/UZfLGiZuRG",Operational Coordination,Seeking visibility and official action,Alarm/Distress,Fire status and operations,Media Amplification and Information Gaps,Informational/Neutral,Media and Information Sharing
klondike,Tx_ODM,"""Don't Tread On Me"": Photo of rattlesnake frozen in death during the Taylor Creek wildfire in Melin, Oregon. His last defiant act was to strike at the flames that consumed him. (Photograph… https://t.co/BvlhWLMOPu",Fire Progression,Seeking visibility and official action,Neutral/Informational,Fire status and operations,Environmental Observation and Fire Spectacle,Engaged/Observational,Situational Awareness and Mapping
klondike,AerospaceKenya,Drones helping firefighters in Klondike Fire https://t.co/7mwEsXhwXA,Operational Coordination,Seeking visibility and official action,Alarm/Distress,Fire status and operations,Firefighting Operations and Crew Deployment,Informational/Neutral,Operational Response and Resources
klondike,sassenach5150,"Well here it is the real reason Klondike fire is still burning limited resources When firefighters state that the objective of the fire is ""full suppression"" that means that the agencies have directed firefighters to fight the fire safely and aggressively. resources are limited !",Operational Coordination,"Solidarity, prayer, and gratitude",Hope/Reassurance,Fire status and operations,Firefighting Operations and Crew Deployment,Informational/Neutral,Fire Behavior and Status
klondike,ljg55,"@Ginger_Zee Ocean sunset through Klondike Fire smoke. Taken 8/27/18 from Pistol River State Scenic Viewpoint, just south of Gold Beach, Oregon. https://t.co/u0oj0mH7E3",Smoke / Air Quality,,,,Smoke Exposure and Air Quality Monitoring,Engaged/Observational,Smoke and Air Quality
klondike,LaurenSchloemer,Thanks to everyone who came out last night to Taylor Creek Overlook for their Bluegrass concert series! It turned out to be a lovely night with a beautiful view of the city - hope you had as much fun as we did!... https://t.co/mu2SJiiCEr,Community Solidarity,"Solidarity, prayer, and gratitude",Gratitude/Appreciation,Community solidarity and appreciation,Environmental Observation and Fire Spectacle,Grateful/Supportive,Situational Awareness and Mapping
klondike,adognamedshelly,"@Sprint, putting a 12 day domestic data roaming hold on a wildland FF's account because the limit was met, and cutting off their texting capabilities as well, and then telling them to ""just use your radio"" when trying to resolve the issue puts lives at risk.  #usfs #KlondikeFire",Fire Progression,,,,Tracking Fire Scale and Containment Progress,Informational/Neutral,Fire Behavior and Status
klondike,DoseBand_Fans,"View of the #KlondikeFire from our dock. A level 2 evacuation has us set, but hoping for the best. Not my photo friends we been on edge with this fire, last night it jump the river. https://t.co/sRIBFKE4Qr",Evacuation,Evacuation and immediate disruption,Alarm/Distress,Evacuation and public safety,Evacuation Orders and Displacement Experiences,Engaged/Observational,Evacuation and Area Closures
klondike,KoehlerMatthew,"@forestservice #FAKENEWS ALERT! The #KlondikeFire in Oregon is NOT ""currently burning on more than 93,000 acres"" as @realDonaldTrump's @forestservice would like you to believe. They are spreading #wildfire hysteria to scare people into supporting more #publiclands logging. Don't be fooled!",Fire Progression,,,,Tracking Fire Scale and Containment Progress,Informational/Neutral,Fire Behavior and Status
klondike,barttels2,"""Assuming a burned area regrows completely over decades, net CO2 emissions should be low.""

Uh huh. Klondike fire in Kalmiopsis Wilderness gives So Ore most of its smoke. It regrows huge fuel loads of brush to feed the next fires. Eg, Silver, Biscuit, Chetco, now Klondike.🤦‍♂️ https://t.co/1divtKPqyR",Smoke / Air Quality,Living with smoke and threat,Alarm/Distress,"Smoke, weather, and air quality",Smoke Exposure and Air Quality Monitoring,Frustrated/Critical,Smoke and Air Quality
klondike,KoehlerMatthew,"@forestservice #FakeNews The #KlondikeFire is NOT ""now burning on nearly 101,000 acres."" That's the entire fire perimeter, much of which is totally unburned &amp; even if it burned, that was weeks ago. Also, bet that much of the 2,400 expansion since yesterday was intentional back-burns set by FS.",Fire Progression,,,,Tracking Fire Scale and Containment Progress,Informational/Neutral,Fire Behavior and Status
klondike,LeadSafeMama,https://t.co/xXNpuXEKXr https://t.co/xXNpuXEKXr,Fire Progression,,,,Media Amplification and Information Gaps,Informational/Neutral,Media and Information Sharing
klondike,JayVanOrman,"All the big fires in Oregon this year, are on Federal and state lands lands. Privately owned timber lands are not having catastrophic fires. 

The Taylor Creek fire is now burning over the Chetco Bar fire from last year. 

Rogue river to Ca. border has all burned once since 2002. https://t.co/ozfgHY4ec8",Fire Progression,Living with smoke and threat,Anger/Blame,Media and political accountability,Firefighting Operations and Crew Deployment,Informational/Neutral,Operational Response and Resources
klondike,JayVanOrman,"@ORForests @Salem_Statesman I know there are meth labs in the woods. Are they part of the reason government seems to just let these fires burn until the autumn rains?

Also, what's going to stop Klondike fire are the Chetco and Biscuit fires old burns?

It's back to smoke season today in Creswell, Oregon.",Smoke / Air Quality,,,,Smoke Exposure and Air Quality Monitoring,Informational/Neutral,Smoke and Air Quality
klondike,CulliverVincent,#klondikefire https://t.co/c5GZGxwP09,Fire Progression,Seeking visibility and official action,Neutral/Informational,Fire status and operations,Media Amplification and Information Gaps,Informational/Neutral,Media and Information Sharing
klondike,SugarPineMine,"Sending a massive THANK YOU to @OrStFireMarshal  @OregonGuard  @forestservice  @ORDeptForestry for saving the homes in Galice, and the #SugarPineMine from the #TaylorCreekFire - https://t.co/4RqQCzpNWN  You guys rule! https://t.co/n1eNIQKSsn",Community Solidarity,,,,"Community Solidarity, Prayer, and Emotional Bonds",Grateful/Supportive,Media and Information Sharing
klondike,TraciMom,@shawnboonstra @Klondikebar @Popsicle Maybe because you have a friend onthe Klondike fire?,Fire Progression,,,,Tracking Fire Scale and Containment Progress,Informational/Neutral,Fire Behavior and Status
klondike,Ksdays541,Some of the devastation from the Taylor Creek Wildfire. https://t.co/MixQtW8cfn,Fire Progression,Seeking visibility and official action,Neutral/Informational,Fire status and operations,Media Amplification and Information Gaps,Informational/Neutral,Media and Information Sharing
klondike,JHMSparky,"@ga_ruben @StaccatoGelato She’s heading to the Klondike fire Thursday, in Gold beach Oregon. She has a safe job though. 😬👍",Fire Progression,,,,Firefighting Operations and Crew Deployment,Informational/Neutral,Operational Response and Resources
klondike,JHMSparky,"@FortGeorgeBeer @JonMontag @badhopper @beerguypdx @JohanBBT @RJellyman @ephoustonbill @OkiTimes @DRE_Go_Fish @Jagoff33 @ga_ruben You bring the beer and I’ll ladle up the ramen. This is my fire-widower dinner, as my wife just left for So Oregon to do battle with the Klondike fire. She doesn’t let me eat ramen when she’s home, but firtunately does let me drink @FortGeorgeBeer 
Cheers!",Fire Progression,,,,Tracking Fire Scale and Containment Progress,Informational/Neutral,Fire Behavior and Status
klondike,mattpitty22,"Hello friends in Southern Oregon, I am looking for photos of the recent Taylor Creek Fire.  The photos will be used for research and inspiration for an upcoming novel, if anyone is willing to share I would be... https://t.co/QCC9t20UVp",Fire Progression,Seeking visibility and official action,Anger/Blame,Personal experience and disruption,Environmental Observation and Fire Spectacle,Engaged/Observational,Situational Awareness and Mapping
klondike,JayVanOrman,"The included map ""A New Risk Map For Wildfire"" has some interesting colors for areas I have visited this summer. Taylor Creek/Klondike West fires are seemingly well outlined in the map. 2. Between Paisley toward Chiloquin the Watson Creek fire, and Klamath NWR max benefit color. https://t.co/mSKn5m00oO",Geospatial Mapping,Sharing updates and resources,Neutral/Informational,Fire status and operations,"Situational Maps, Photos, and Visual Briefings",Informational/Neutral,Media and Information Sharing
klondike,JayVanOrman,@SusanontheLedge They have a front row seat to the Taylor Creek Fire. Tour operators had to close dinner tour the night we rode. Fire was coming down the mountain to their downstream restaurant. Stops made for helos to p/u H2O. 5 min turnaround time.,Fire Progression,,,,Tracking Fire Scale and Containment Progress,Informational/Neutral,Fire Behavior and Status
klondike,illogicalRogue2,Boy I hope that's from the firefighters and not that the Taylor Creek fire has gotten away again.... https://t.co/L9fpuem6s0,Operational Coordination,"Solidarity, prayer, and gratitude",Anger/Blame,Fire status and operations,Firefighting Operations and Crew Deployment,Informational/Neutral,Operational Response and Resources
klondike,davidbaron,"Bay area smoke on the bad side today.  HRRR Smoke from 12:00 UTC suggests it might clear a little today, but could get substantially worse tomorrow afternoon as a big blast of smoke from Klondike fire in SW Oregon moves in.",Smoke / Air Quality,Living with smoke and threat,Alarm/Distress,"Smoke, weather, and air quality",Smoke Exposure and Air Quality Monitoring,Informational/Neutral,Smoke and Air Quality
klondike,GerardoJumi,¡El último Pensamientos Indígenas! https://t.co/oNmo1z8Nk7 #klondikefire #or,Fire Progression,Seeking visibility and official action,Neutral/Informational,Fire status and operations,Media Amplification and Information Gaps,Informational/Neutral,Media and Information Sharing
klondike,AmericanSappho,"Everyone should be cautious to avoid starting additional fires in this extremely dry, critical period of fire weather. https://t.co/WrprEJtBii",Fire Progression,Seeking visibility and official action,Neutral/Informational,"Smoke, weather, and air quality","Personal Safety, Proximity, and Local Threat",Informational/Neutral,Weather and Environmental Conditions
klondike,Pierre_Markuse,Klondike Fire🔥 #Oregon #USA🇺🇸 25 September 2018 Nat. col. - NIR/SWIR mix with IR highlights #Copernicus #Sentinel-2A Full-size: https://t.co/1bozhEmhbV #wildfire #klondikefire https://t.co/IhgHHs1xqh,Fire Progression,Seeking visibility and official action,Neutral/Informational,Fire status and operations,Tracking Fire Scale and Containment Progress,Informational/Neutral,Media and Information Sharing
klondike,Pierre_Markuse,Klondike Fire🔥 Highlighted IR hot spots showing multiple possible fires in different locations #Oregon #USA🇺🇸 25 September 2018 #Copernicus #Sentinel-2A Full-size: https://t.co/i85kkA1nbT #wildfire #klondikefire https://t.co/oKzhJ4mS5a,Fire Progression,Seeking visibility and official action,Neutral/Informational,Fire status and operations,Tracking Fire Scale and Containment Progress,Informational/Neutral,Media and Information Sharing
klondike,Pierre_Markuse,And here the NO2 emissions on the same day by #Copernicus #Sentinel-5P. You can clearly make out the #KlondikeFire🔥 (upper red spot) with the #NatchezFire🔥 in California also visible in this view (lower red spot). #EOBrowser link: https://t.co/u2odAdqYGg https://t.co/L8g92BWOqq,Fire Progression,Sharing updates and resources,Anger/Blame,Fire status and operations,Environmental Observation and Fire Spectacle,Informational/Neutral,Media and Information Sharing
klondike,ewoksamongus,@DouglasFPA @swofire Any update on the Klondike fire?,Fire Progression,,,,Tracking Fire Scale and Containment Progress,Informational/Neutral,Fire Behavior and Status
